database,version,topology,provider,zone,workload,database_actual_version,started_at,finished_at,preset,compile,smoke,full_workloads,baseline_matrix,segment_matrix,component_metrics,managed_database_metrics,database_metric_distributions,component_logs,artifacts,replication,pipeline_traces,native_tps,native_otlp_metrics,fault_campaign,cleanup,run_id,iterations,input,evidence,checked_at,note,component_log_observations,retry_attempts,local_cluster,recheck_run_id,recheck_phase,recheck_stage,recheck_verification,run_phase,run_status_checked_at,run_stage,run_stage_checked_at,infrastructure_provisioning,infrastructure_recovery,recovery_evidence
postgres,18,single,yandex,ru-central1-a,simple,,,,smoke-2m-2vus,passed,passed,pending,pending,pending,passed,not_applicable,pending,pending,pending,pending,passed,not_applicable,pending,pending,passed,matrix-pg-retry-daaf3554-pg18-single,273455,matrix/postgres-single-18-simple.json,postgres-matrix-check.json,2026-09-14T14:54:13.720027+00:00,,not_checked,,not_applicable,,,,,Completed,2026-09-15T23:36:40.846351+00:00,,,not_recorded,,
postgres,18,primary-replica,yandex,ru-central1-a,simple,,,,smoke-2m-2vus,passed,passed,pending,pending,pending,passed,not_applicable,pending,pending,pending,pending,passed,not_applicable,pending,pending,passed,matrix-pg-final-951a642e-pg18-primary-replica,258251,matrix/postgres-primary-replica-18-simple.json,postgres-matrix-check.json,2026-09-14T14:54:13.720027+00:00,,not_checked,,not_applicable,,,,,Completed,2026-09-15T23:36:40.846351+00:00,,,not_recorded,,
postgres,18,patroni-ha,yandex,ru-central1-a,simple,,,,smoke-2m-2vus,passed,passed,pending,pending,pending,passed,not_applicable,pending,pending,pending,pending,passed,not_applicable,pending,pending,passed,matrix-patroni-96794a09-pg18-patroni-ha,134147,matrix/postgres-patroni-ha-18-simple.json,patroni-matrix-check.json,2026-09-14T17:10:31.296357+00:00,,not_checked,,not_applicable,,,,,Completed,2026-09-15T23:36:40.846351+00:00,,,not_recorded,,
postgres,18,pgbouncer,yandex,ru-central1-a,simple,,,,smoke-2m-2vus,passed,passed,pending,pending,pending,passed,not_applicable,pending,pending,pending,pending,passed,not_applicable,pending,pending,passed,matrix-pg-versions-ed460e6f-pg18-pgbouncer,106636,matrix/postgres-pgbouncer-18-simple.json,postgres-matrix-check.json,2026-09-14T14:54:13.720027+00:00,,not_checked,,not_applicable,,,,,Completed,2026-09-15T23:36:40.846351+00:00,,,not_recorded,,
postgres,17,single,yandex,ru-central1-a,simple,,,,smoke-2m-2vus,passed,passed,pending,pending,pending,passed,not_applicable,pending,pending,pending,pending,passed,not_applicable,pending,pending,passed,matrix-pg-versions-ed460e6f-pg17-single,248890,matrix/postgres-single-17-simple.json,postgres-matrix-check.json,2026-09-14T14:54:13.720027+00:00,,not_checked,,not_applicable,,,,,Completed,2026-09-15T23:36:40.846351+00:00,,,not_recorded,,
postgres,17,primary-replica,yandex,ru-central1-a,simple,,,,smoke-2m-2vus,passed,passed,pending,pending,pending,passed,not_applicable,pending,pending,pending,pending,passed,not_applicable,pending,pending,passed,matrix-pg-final-951a642e-pg17-primary-replica,244947,matrix/postgres-primary-replica-17-simple.json,postgres-matrix-check.json,2026-09-14T14:54:13.720027+00:00,,not_checked,,not_applicable,,,,,Completed,2026-09-15T23:36:40.846351+00:00,,,not_recorded,,
postgres,17,patroni-ha,yandex,ru-central1-a,simple,,,,smoke-2m-2vus,passed,passed,pending,pending,pending,passed,not_applicable,pending,pending,pending,pending,passed,not_applicable,pending,pending,passed,matrix-patroni-96794a09-pg17-patroni-ha,132109,matrix/postgres-patroni-ha-17-simple.json,patroni-matrix-check.json,2026-09-14T17:10:31.296357+00:00,,not_checked,,not_applicable,,,,,Completed,2026-09-15T23:36:40.846351+00:00,,,not_recorded,,
postgres,17,pgbouncer,yandex,ru-central1-a,simple,,,,smoke-2m-2vus,passed,passed,pending,pending,pending,passed,not_applicable,pending,pending,pending,pending,passed,not_applicable,pending,pending,passed,matrix-pg-final-951a642e-pg17-pgbouncer,110919,matrix/postgres-pgbouncer-17-simple.json,postgres-matrix-check.json,2026-09-14T14:54:13.720027+00:00,,not_checked,,not_applicable,,,,,Completed,2026-09-15T23:36:40.846351+00:00,,,not_recorded,,
postgres,16,single,yandex,ru-central1-a,simple,,,,smoke-2m-2vus,passed,passed,pending,pending,pending,passed,not_applicable,pending,pending,pending,pending,passed,not_applicable,pending,pending,passed,matrix-pg-retry-daaf3554-pg16-single,226003,matrix/postgres-single-16-simple.json,postgres-matrix-check.json,2026-09-14T14:54:13.720027+00:00,,not_checked,,not_applicable,,,,,Completed,2026-09-15T23:36:40.846351+00:00,,,not_recorded,,
postgres,16,primary-replica,yandex,ru-central1-a,simple,,,,smoke-2m-2vus,passed,passed,pending,pending,pending,passed,not_applicable,pending,pending,pending,pending,passed,not_applicable,pending,pending,passed,matrix-pg-final-951a642e-pg16-primary-replica,245913,matrix/postgres-primary-replica-16-simple.json,postgres-matrix-check.json,2026-09-14T14:54:13.720027+00:00,,not_checked,,not_applicable,,,,,Completed,2026-09-15T23:36:40.846351+00:00,,,not_recorded,,
postgres,16,patroni-ha,yandex,ru-central1-a,simple,,,,smoke-2m-2vus,passed,passed,pending,pending,pending,passed,not_applicable,pending,pending,pending,pending,passed,not_applicable,pending,pending,passed,matrix-patroni-96794a09-pg16-patroni-ha,137621,matrix/postgres-patroni-ha-16-simple.json,patroni-matrix-check.json,2026-09-14T17:10:31.296357+00:00,,not_checked,,not_applicable,,,,,Completed,2026-09-15T23:36:40.846351+00:00,,,not_recorded,,
postgres,16,pgbouncer,yandex,ru-central1-a,simple,,,,smoke-2m-2vus,passed,passed,pending,pending,pending,passed,not_applicable,pending,pending,pending,pending,passed,not_applicable,pending,pending,passed,matrix-pg-final-951a642e-pg16-pgbouncer,125707,matrix/postgres-pgbouncer-16-simple.json,postgres-matrix-check.json,2026-09-14T14:54:13.720027+00:00,,not_checked,,not_applicable,,,,,Completed,2026-09-15T23:36:40.846351+00:00,,,not_recorded,,
postgres,15,single,yandex,ru-central1-a,simple,,,,smoke-2m-2vus,passed,passed,pending,pending,pending,passed,not_applicable,pending,pending,pending,pending,passed,not_applicable,pending,pending,passed,matrix-pg-versions-ed460e6f-pg15-single,251067,matrix/postgres-single-15-simple.json,postgres-matrix-check.json,2026-09-14T14:54:13.720027+00:00,,not_checked,,not_applicable,,,,,Completed,2026-09-15T23:36:40.846351+00:00,,,not_recorded,,
postgres,15,primary-replica,yandex,ru-central1-a,simple,,,,smoke-2m-2vus,passed,passed,pending,pending,pending,passed,not_applicable,pending,pending,pending,pending,passed,not_applicable,pending,pending,passed,matrix-pg-retry-daaf3554-pg15-primary-replica,247142,matrix/postgres-primary-replica-15-simple.json,postgres-matrix-check.json,2026-09-14T14:54:13.720027+00:00,,not_checked,,not_applicable,,,,,Completed,2026-09-15T23:36:40.846351+00:00,,,not_recorded,,
postgres,15,patroni-ha,yandex,ru-central1-a,simple,,,,smoke-2m-2vus,passed,passed,pending,pending,pending,passed,not_applicable,pending,pending,pending,pending,passed,not_applicable,pending,pending,passed,matrix-patroni-96794a09-pg15-patroni-ha,144852,matrix/postgres-patroni-ha-15-simple.json,patroni-matrix-check.json,2026-09-14T17:10:31.296357+00:00,,not_checked,,not_applicable,,,,,Completed,2026-09-15T23:36:40.846351+00:00,,,not_recorded,,
postgres,15,pgbouncer,yandex,ru-central1-a,simple,,,,smoke-2m-2vus,passed,passed,pending,pending,pending,passed,not_applicable,pending,pending,pending,pending,passed,not_applicable,pending,pending,passed,matrix-pg-final-951a642e-pg15-pgbouncer,119664,matrix/postgres-pgbouncer-15-simple.json,postgres-matrix-check.json,2026-09-14T14:54:13.720027+00:00,,not_checked,,not_applicable,,,,,Completed,2026-09-15T23:36:40.846351+00:00,,,not_recorded,,
orioledb,beta17-pg18,single,yandex,ru-central1-a,simple,"PostgreSQL 18.6 OrioleDB beta 17 PGTAG=patches18_2 alpine:3.21+clang build:2026-09-04T21:10:49+00:00 18.6 on x86_64-pc-linux-musl, compiled by Alpine clang version 19.1.4, 64-bit",2026-09-15T13:26:03.541496972Z,2026-09-15T13:28:08.153140085Z,smoke-2m-2vus,passed,passed,pending,pending,pending,passed,not_applicable,pending,passed,passed,not_applicable,passed,not_applicable,passed,pending,passed,matrix-oriole-0d49e1e2-managed-orioledb-single-pg18,183893.0,suite-orioledb.json,catalog-functional-check.json,2026-09-15T13:39:17.098573+00:00,"Native workload, durable telemetry and downloaded artifacts verified; actual Oriole table method and UTF8 checked by SQL on every member. Transaction conflict and expected TPC-C rollback log observations retained. Cleanup here proves resource removal, not graceful database shutdown.","{""postgres_transaction_conflict"": 489, ""diagnostic_probe_query_error"": 2}",0.0,passed,,,,,Completed,2026-09-15T23:36:40.846351+00:00,,,not_recorded,,
orioledb,beta17-pg18,primary-replica,yandex,ru-central1-a,simple,"PostgreSQL 18.6 OrioleDB beta 17 PGTAG=patches18_2 alpine:3.21+clang build:2026-09-04T21:10:49+00:00 18.6 on x86_64-pc-linux-musl, compiled by Alpine clang version 19.1.4, 64-bit",2026-09-15T13:26:33.216992601Z,2026-09-15T13:28:40.802539951Z,smoke-2m-2vus,passed,passed,pending,pending,pending,passed,not_applicable,pending,passed,passed,passed,passed,not_applicable,passed,pending,passed,matrix-oriole-0d49e1e2-managed-orioledb-primary-replica-pg18,117921.0,suite-orioledb.json,catalog-functional-check.json,2026-09-15T13:46:17.391046+00:00,"Native workload, durable telemetry and downloaded artifacts verified; actual Oriole table method and UTF8 checked by SQL on every member. Transaction conflict and expected TPC-C rollback log observations retained. Cleanup here proves resource removal, not graceful database shutdown.","{""postgres_transaction_conflict"": 378}",0.0,passed,,,,,Completed,2026-09-15T23:36:40.846351+00:00,,,not_recorded,,
orioledb,beta17-pg17,single,yandex,ru-central1-a,simple,"PostgreSQL 17.11 OrioleDB beta 17 PGTAG=patches17_21 alpine:3.21+clang build:2026-09-04T21:10:45+00:00 17.11 on x86_64-pc-linux-musl, compiled by Alpine clang version 19.1.4, 64-bit",2026-09-15T13:37:06.910338459Z,2026-09-15T13:39:12.972654014Z,smoke-2m-2vus,passed,passed,pending,pending,pending,passed,not_applicable,pending,passed,passed,not_applicable,passed,not_applicable,passed,pending,passed,matrix-oriole-0d49e1e2-managed-orioledb-single-pg17,198289.0,suite-orioledb.json,catalog-functional-check.json,2026-09-15T13:44:12.665682+00:00,"Native workload, durable telemetry and downloaded artifacts verified; actual Oriole table method and UTF8 checked by SQL on every member. Transaction conflict and expected TPC-C rollback log observations retained. Cleanup here proves resource removal, not graceful database shutdown.","{""postgres_transaction_conflict"": 483}",0.0,passed,,,,,Completed,2026-09-15T23:36:40.846351+00:00,,,not_recorded,,
orioledb,beta17-pg17,primary-replica,yandex,ru-central1-a,simple,"PostgreSQL 17.11 OrioleDB beta 17 PGTAG=patches17_21 alpine:3.21+clang build:2026-09-04T21:10:45+00:00 17.11 on x86_64-pc-linux-musl, compiled by Alpine clang version 19.1.4, 64-bit",2026-09-15T14:03:57.535498583Z,2026-09-15T14:06:02.045101034Z,smoke-2m-2vus,passed,passed,pending,pending,pending,passed,not_applicable,pending,passed,passed,passed,passed,not_applicable,passed,pending,passed,matrix-oriole-retry-86dd0e6a-orioledb-primary-replica-pg17,122485.0,suite-orioledb-retry.json,catalog-functional-check.json,2026-09-15T14:14:45.681673+00:00,"Native workload, durable telemetry and downloaded artifacts verified; actual Oriole table method and UTF8 checked by SQL on every member. Transaction conflict and expected TPC-C rollback log observations retained. Cleanup here proves resource removal, not graceful database shutdown.","{""postgres_transaction_conflict"": 393}",0.0,passed,,,,,Completed,2026-09-15T23:36:40.846351+00:00,,,not_recorded,,
orioledb,beta17-pg16,single,yandex,ru-central1-a,simple,"PostgreSQL 16.15 OrioleDB beta 17 PGTAG=patches16_48 alpine:3.21+clang build:2026-09-04T21:11:02+00:00 16.15 on x86_64-pc-linux-musl, compiled by Alpine clang version 19.1.4, 64-bit",2026-09-15T14:03:44.036566896Z,2026-09-15T14:05:48.843073332Z,smoke-2m-2vus,passed,passed,pending,pending,pending,passed,not_applicable,pending,passed,passed,not_applicable,passed,not_applicable,passed,pending,passed,matrix-oriole-retry-86dd0e6a-orioledb-single-pg16,211220.0,suite-orioledb-retry.json,catalog-functional-check.json,2026-09-15T14:10:58.931025+00:00,"Native workload, durable telemetry and downloaded artifacts verified; actual Oriole table method and UTF8 checked by SQL on every member. Transaction conflict and expected TPC-C rollback log observations retained. Cleanup here proves resource removal, not graceful database shutdown.","{""postgres_transaction_conflict"": 414}",0.0,passed,,,,,Completed,2026-09-15T23:36:40.846351+00:00,,,not_recorded,,
orioledb,beta17-pg16,primary-replica,yandex,ru-central1-a,simple,"PostgreSQL 16.15 OrioleDB beta 17 PGTAG=patches16_48 alpine:3.21+clang build:2026-09-04T21:11:02+00:00 16.15 on x86_64-pc-linux-musl, compiled by Alpine clang version 19.1.4, 64-bit",2026-09-15T14:15:16.864864657Z,2026-09-15T14:17:21.661946698Z,smoke-2m-2vus,passed,passed,pending,pending,pending,passed,not_applicable,pending,passed,passed,passed,passed,not_applicable,passed,pending,passed,matrix-oriole-retry-86dd0e6a-orioledb-primary-replica-pg16,117095.0,suite-orioledb-retry.json,catalog-functional-check.json,2026-09-15T14:29:59.274752+00:00,"Native workload, durable telemetry and downloaded artifacts verified; actual Oriole table method and UTF8 checked by SQL on every member. Transaction conflict and expected TPC-C rollback log observations retained. Cleanup here proves resource removal, not graceful database shutdown.","{""postgres_transaction_conflict"": 416}",0.0,passed,,,,,Completed,2026-09-15T23:36:40.846351+00:00,,,not_recorded,,
mysql,8.4,single,yandex,ru-central1-a,simple,8.4.11,2026-09-15T10:02:08.585140Z,2026-09-15T10:14:41.205868Z,smoke-2m-2vus,passed,passed,pending,pending,pending,passed,not_applicable,pending,passed,passed,not_applicable,passed,not_applicable,passed,pending,passed,matrix-mysql84-fixed-fc2399ff-mysql84-single,102482.0,suite-mysql84-single-fixed.json,mysql-family-check.json,2026-09-15T10:14:48.580723+00:00,,not_checked,,not_applicable,,,,,Completed,2026-09-15T23:36:40.846351+00:00,,,not_recorded,,
mysql,8.4,semi-sync,yandex,ru-central1-a,simple,8.4.11,2026-09-15T09:45:00.424701Z,2026-09-15T09:59:45.903196Z,smoke-2m-2vus,passed,passed,pending,pending,pending,passed,not_applicable,pending,passed,passed,passed,passed,not_applicable,passed,pending,passed,matrix-mysql-family-19fb11ff-mysql84-semi-sync,99741.0,suite-mysql-family-final.json,mysql-family-check.json,2026-09-15T10:02:41.788107+00:00,,not_checked,,not_applicable,,,,,Completed,2026-09-15T23:36:40.846351+00:00,,,not_recorded,,
mysql,8.4,group-replication,yandex,ru-central1-a,simple,8.4.11,2026-09-15T11:14:16.325626194Z,2026-09-15T11:18:22.702447547Z,smoke-2m-2vus,passed,passed,pending,pending,pending,passed,not_applicable,pending,passed,passed,passed,passed,not_applicable,passed,pending,passed,matrix-mysql-clusters-fixed-babb0afe-mysql-gr-84,39990.0,suite-mysql-clusters.json,mysql-clusters-check.json,2026-09-15T11:25:41.157567+00:00,causal reads; five native workload segments; all cluster/proxy/component/artifact checks passed,{},0.0,passed,,,,,Completed,2026-09-15T23:36:40.846351+00:00,,,not_recorded,,
mysql,8.0,single,yandex,ru-central1-a,simple,8.0.46,2026-09-15T08:43:43.758351Z,2026-09-15T08:55:34.297679Z,smoke-2m-2vus,passed,passed,pending,pending,pending,passed,not_applicable,pending,passed,passed,not_applicable,passed,not_applicable,passed,pending,passed,matrix-mysql-fixed-2a83f8e4-mysql80-single,92572.0,suite-mysql-fixed.json,mysql-family-check.json,2026-09-15T08:57:28.449022+00:00,,not_checked,,not_applicable,,,,,Completed,2026-09-15T23:36:40.846351+00:00,,,not_recorded,,
mysql,8.0,semi-sync,yandex,ru-central1-a,simple,8.0.46,2026-09-15T09:45:00.428369Z,2026-09-15T10:00:00.361390Z,smoke-2m-2vus,passed,passed,pending,pending,pending,passed,not_applicable,pending,passed,passed,passed,passed,not_applicable,passed,pending,passed,matrix-mysql-family-19fb11ff-mysql80-semi-sync,98794.0,suite-mysql-family-final.json,mysql-family-check.json,2026-09-15T10:03:06.628975+00:00,,not_checked,,not_applicable,,,,,Completed,2026-09-15T23:36:40.846351+00:00,,,not_recorded,,
mysql,8.0,group-replication,yandex,ru-central1-a,simple,8.0.46,2026-09-15T11:14:20.375692663Z,2026-09-15T11:18:30.334867558Z,smoke-2m-2vus,passed,passed,pending,pending,pending,passed,not_applicable,pending,passed,passed,passed,passed,not_applicable,passed,pending,passed,matrix-mysql-clusters-fixed-babb0afe-mysql-gr-80,40158.0,suite-mysql-clusters.json,mysql-clusters-check.json,2026-09-15T11:26:42.501200+00:00,causal reads; five native workload segments; all cluster/proxy/component/artifact checks passed,{},0.0,passed,,,,,Completed,2026-09-15T23:36:40.846351+00:00,,,not_recorded,,
mariadb,11.8,single,yandex,ru-central1-a,simple,11.8.9-MariaDB-ubu2404-log,2026-09-15T12:06:07.023519297Z,2026-09-15T12:09:55.574755116Z,smoke-2m-2vus,passed,passed,pending,pending,pending,passed,not_applicable,pending,passed,passed,not_applicable,passed,not_applicable,passed,pending,passed,matrix-maria-monitor-e4a0fdb4-mariadb-single-118,116960.0,suite-mariadb-monitor-fixed.json,mysql-family-check.json,2026-09-15T12:14:48.475326+00:00,,"{""mariadb_record_changed"": 338}",0.0,not_applicable,,,,,Completed,2026-09-15T23:36:40.846351+00:00,,,not_recorded,,
mariadb,11.8,galera,yandex,ru-central1-a,simple,11.8.9-MariaDB-ubu2404-log,2026-09-15T11:49:04.819455144Z,2026-09-15T11:52:58.025645598Z,smoke-2m-2vus,passed,passed,pending,pending,pending,passed,not_applicable,pending,passed,passed,passed,passed,not_applicable,passed,pending,passed,matrix-maria-monitor-e4a0fdb4-mariadb-galera-118,77635.0,suite-mariadb-monitor-fixed.json,mysql-clusters-check.json,2026-09-15T12:05:51.338359+00:00,all native workloads and exporter collectors passed; log observations retained separately; MariaDB SLAVE MONITOR included at bootstrap,"{""mariadb_record_changed"": 49}",0.0,passed,,,,,Completed,2026-09-15T23:36:40.846351+00:00,,,not_recorded,,
mariadb,11.4,single,yandex,ru-central1-a,simple,11.4.13-MariaDB-ubu2404-log,2026-09-15T12:17:55.843228002Z,2026-09-15T12:21:42.743075561Z,smoke-2m-2vus,passed,passed,pending,pending,pending,passed,not_applicable,pending,passed,passed,not_applicable,passed,not_applicable,passed,pending,passed,matrix-maria-monitor-e4a0fdb4-mariadb-single-114,122215.0,suite-mariadb-monitor-fixed.json,mysql-family-check.json,2026-09-15T12:24:51.247137+00:00,,{},0.0,not_applicable,,,,,Completed,2026-09-15T23:36:40.846351+00:00,,,not_recorded,,
mariadb,11.4,galera,yandex,ru-central1-a,simple,11.4.13-MariaDB-ubu2404-log,2026-09-15T11:49:06.272739804Z,2026-09-15T11:53:02.737056876Z,smoke-2m-2vus,passed,passed,pending,pending,pending,passed,not_applicable,pending,passed,passed,passed,passed,not_applicable,passed,pending,passed,matrix-maria-monitor-e4a0fdb4-mariadb-galera-114,75596.0,suite-mariadb-monitor-fixed.json,mysql-clusters-check.json,2026-09-15T12:05:51.338936+00:00,all native workloads and exporter collectors passed; log observations retained separately; MariaDB SLAVE MONITOR included at bootstrap,"{""galera_monitor_timeout"": 3}",0.0,passed,,,,,Completed,2026-09-15T23:36:40.846351+00:00,,,not_recorded,,
mariadb,10.11,single,yandex,ru-central1-a,simple,10.11.19-MariaDB-ubu2204-log,2026-09-15T12:21:18.600478025Z,2026-09-15T12:25:06.222631023Z,smoke-2m-2vus,passed,passed,pending,pending,pending,passed,not_applicable,pending,passed,passed,not_applicable,passed,not_applicable,passed,pending,passed,matrix-maria-monitor-e4a0fdb4-mariadb-single-1011,118024.0,suite-mariadb-monitor-fixed.json,mysql-family-check.json,2026-09-15T12:53:56.872182+00:00,,{},0.0,not_applicable,,,,,Completed,2026-09-15T23:36:40.846351+00:00,,,not_recorded,,
mariadb,10.11,galera,yandex,ru-central1-a,simple,10.11.19-MariaDB-ubu2204-log,2026-09-15T12:05:14.389886462Z,2026-09-15T12:09:12.844741815Z,smoke-2m-2vus,passed,passed,pending,pending,pending,passed,not_applicable,pending,passed,passed,passed,passed,not_applicable,passed,pending,passed,matrix-maria-monitor-e4a0fdb4-mariadb-galera-1011,72302.0,suite-mariadb-monitor-fixed.json,mysql-clusters-check.json,2026-09-15T12:27:00.803617+00:00,all native workloads and exporter collectors passed; log observations retained separately; MariaDB SLAVE MONITOR included at bootstrap; First 45 seconds retain delayed bootstrap gauges in workload_observation and are checked with database log timestamps plus independent SQL probe; strict cluster metric assertions start at workload+45s (30s scrape beat + 15s OTLP collection). This does not establish continuous or scrape-time metric coverage. See mariadb-galera-1011.startup-telemetry.json.,"{""galera_monitor_timeout"": 2}",0.0,passed,,,,,Completed,2026-09-15T23:36:40.846351+00:00,,,not_recorded,,
picodata,26.2,single,yandex,ru-central1-a,simple,,2026-09-15T16:31:10.192585637Z,2026-09-15T16:34:16.964897339Z,smoke-2m-2vus,passed,passed,pending,pending,pending,passed,not_applicable,pending,passed,passed,passed,passed,not_applicable,passed,pending,passed,matrix-picodata-metrics-85175d12-picodata-single-26.2,,suite-picodata-metrics.json,catalog-functional-check.json,2026-09-15T16:37:29.951718+00:00,"Three transactionless native workloads, member SQL checks, persisted telemetry and downloaded artifacts passed. Component metric coverage currently covers scalars; database histograms require a Graphene collector fix. Quiet initializer verified by persisted readiness signal.",{},,passed,,,,,Completed,2026-09-15T23:36:40.846351+00:00,,,not_recorded,,
picodata,26.2,three-node,yandex,ru-central1-a,simple,,2026-09-15T17:13:03.295416761Z,2026-09-15T17:16:15.064046302Z,smoke-2m-2vus,passed,passed,pending,pending,pending,passed,not_applicable,pending,passed,passed,passed,passed,not_applicable,passed,pending,passed,matrix-picodata-metrics-85175d12-picodata-three-node-26.2,,suite-picodata-metrics.json,catalog-functional-check.json,2026-09-15T17:32:34.034719+00:00,"Three transactionless native workloads, all-member SQL checks, persisted scalar metrics/logs/traces, artifact downloads and cleanup passed. Six startup messages delivered after workload start retained by exact hash. Database histograms remain pending.","{""picodata_pre_workload_log_delivered_later"": 6}",,passed,,,,,Completed,2026-09-15T23:36:40.846351+00:00,,,not_recorded,,
picodata,26.1,single,yandex,ru-central1-a,simple,,2026-09-15T16:20:27.360150398Z,2026-09-15T16:23:37.184245022Z,smoke-2m-2vus,passed,passed,pending,pending,pending,passed,not_applicable,pending,passed,passed,passed,passed,not_applicable,passed,pending,passed,matrix-picodata-metrics-85175d12-picodata-single-26.1,,suite-picodata-metrics.json,catalog-functional-check.json,2026-09-15T16:42:03.773557+00:00,"Three transactionless native workloads, member SQL checks, persisted telemetry and downloaded artifacts passed. Component metric coverage currently covers scalars; database histograms require a Graphene collector fix. Quiet initializer verified by persisted readiness signal.","{""diagnostic_probe_abrupt_disconnect"": 1}",,passed,,,,,Completed,2026-09-15T23:36:40.846351+00:00,,,not_recorded,,
picodata,26.1,three-node,yandex,ru-central1-a,simple,,2026-09-15T16:57:07.877830781Z,2026-09-15T17:00:14.557136469Z,smoke-2m-2vus,passed,passed,pending,pending,pending,passed,not_applicable,pending,passed,passed,passed,passed,not_applicable,passed,pending,passed,matrix-picodata-metrics-85175d12-picodata-three-node-26.1,,suite-picodata-metrics.json,catalog-functional-check.json,2026-09-15T17:14:26.401954+00:00,"Three transactionless native workloads, all-member SQL checks, persisted scalar metrics/logs/traces, artifact downloads and cleanup passed. Six startup messages delivered after workload start retained by exact hash. Database histograms remain pending.","{""picodata_pre_workload_log_delivered_later"": 6}",,passed,,,,,Completed,2026-09-15T23:36:40.846351+00:00,,,not_recorded,,
picodata,25.3,single,yandex,ru-central1-a,simple,25.3.8,2026-09-15T16:09:28.926244163Z,2026-09-15T16:12:49.278564973Z,smoke-2m-2vus,passed,passed,pending,pending,pending,passed,not_applicable,pending,passed,passed,passed,passed,not_applicable,passed,pending,passed,matrix-picodata-metrics-85175d12-picodata-single-25.3,,suite-picodata-metrics.json,catalog-functional-check.json,2026-09-15T16:26:02.753503+00:00,All three native workloads and persistent telemetry verified. Picodata workloads are transactionless. Quiet initializer verified by container.ready signal; one owned probe EOF retained with exact-hash classification and reproduced/fixed separately.,"{""diagnostic_probe_abrupt_disconnect"": 1}",,passed,,,,,Completed,2026-09-15T23:36:40.846351+00:00,,,not_recorded,,
picodata,25.3,three-node,yandex,ru-central1-a,simple,,2026-09-15T16:42:05.06638666Z,2026-09-15T16:45:21.163976937Z,smoke-2m-2vus,passed,passed,pending,pending,pending,passed,not_applicable,pending,passed,passed,passed,passed,not_applicable,passed,pending,passed,matrix-picodata-metrics-85175d12-picodata-three-node-25.3,,suite-picodata-metrics.json,catalog-functional-check.json,2026-09-15T17:02:40.416710+00:00,"Three transactionless native workloads and SQL membership on every member passed. Persisted telemetry, artifact downloads and removal of owned resources verified. Eleven pre-workload messages delivered later retained by exact hash; shutdown observations retained separately. DB histograms and graceful decommissioning remain unverified.","{""picodata_pre_workload_log_delivered_later"": 11}",,passed,,,,,Completed,2026-09-15T23:36:40.846351+00:00,,,not_recorded,,
ydb,26.3,single,yandex,ru-central1-a,simple,,2026-09-15T20:17:04.278342232Z,2026-09-15T20:20:10.567769927Z,smoke-2m-2vus,passed,passed,pending,pending,pending,passed,not_applicable,pending,passed,passed,passed,passed,not_applicable,passed,pending,passed,matrix-ydbmetrics-4f28bec5-ydb-single-26.3,,suite-ydb-metricsretry.json,catalog-functional-check.json,2026-09-15T20:28:06.051417+00:00,"All configured native workloads completed without terminal errors. Persisted native OTLP, scalar component metrics, logs, traces, artifact downloads and removal of owned YC resources verified. Database histogram/summary export remains pending.","{""ydb_transaction_conflict"": 239, ""ydb_initial_drop_missing_table"": 14, ""ydb_default_pool_already_exists"": 1, ""ydb_bootstrap_before_workload"": 6}",,passed,,,,,Completed,2026-09-15T23:36:40.846351+00:00,,,not_recorded,,
ydb,26.3,mirror-3-dc,yandex,"ru-central1-a,ru-central1-b,ru-central1-d",simple,,2026-09-15T23:04:04.17199595Z,2026-09-15T23:07:09.987533899Z,smoke-2m-2vus,passed,passed,pending,pending,pending,passed,not_applicable,pending,passed,passed,passed,passed,not_applicable,passed,pending,passed,matrix-ydbautonomous-73a81601-ydb-mirror-3-dc-26.3-autonomous,,suite-ydb-autonomous.json,catalog-functional-check.json,2026-09-15T23:35:47.315642+00:00,"All configured native workloads completed without terminal errors. Persisted native OTLP, scalar component metrics, logs, traces, artifact downloads and removal of owned YC resources verified. Database histogram/summary export remains pending.","{""ydb_initial_drop_missing_table"": 14, ""ydb_transaction_conflict"": 67, ""ydb_tablet_split_retry"": 4, ""ydb_finished_transaction_sibling_abort"": 2, ""ydb_bootstrap_before_workload"": 49, ""ydb_default_pool_already_exists"": 1, ""ydb_finished_split_wrong_shard"": 3, ""ydb_finished_transaction_read_abort"": 4}",,not_verified,,,,,Completed,2026-09-15T23:36:40.846351+00:00,,,automatic_verified,,
ydb,26.2,single,yandex,ru-central1-a,simple,,2026-09-15T20:04:25.977049999Z,2026-09-15T20:07:29.743508891Z,smoke-2m-2vus,passed,passed,pending,pending,pending,passed,not_applicable,pending,passed,passed,passed,passed,not_applicable,passed,pending,passed,matrix-ydbmetrics-4f28bec5-ydb-single-26.2,,suite-ydb-metricsretry.json,catalog-functional-check.json,2026-09-15T20:16:39.587786+00:00,"All configured native workloads completed without terminal errors. Persisted native OTLP, scalar component metrics, logs, traces, artifact downloads and removal of owned YC resources verified. Database histogram/summary export remains pending.","{""ydb_read_conflict_sibling_abort"": 1, ""ydb_read_transaction_conflict"": 2, ""ydb_transaction_conflict"": 201, ""ydb_tablet_split_retry"": 4, ""ydb_initial_drop_missing_table"": 14, ""ydb_bootstrap_before_workload"": 8}",,passed,,,,,Completed,2026-09-15T23:36:40.846351+00:00,,,not_recorded,,
ydb,26.2,mirror-3-dc,yandex,"ru-central1-a,ru-central1-b,ru-central1-d",simple,,2026-09-15T23:06:08.874200398Z,2026-09-15T23:09:15.410094398Z,smoke-2m-2vus,passed,passed,pending,pending,pending,passed,not_applicable,pending,passed,passed,passed,passed,not_applicable,passed,pending,passed,matrix-ydbautonomous-73a81601-ydb-mirror-3-dc-26.2-autonomous,,suite-ydb-autonomous.json,catalog-functional-check.json,2026-09-15T23:31:41.830356+00:00,"All configured native workloads completed without terminal errors. Persisted native OTLP, scalar component metrics, logs, traces, artifact downloads and removal of owned YC resources verified. Database histogram/summary export remains pending.","{""ydb_transaction_conflict"": 70, ""ydb_bootstrap_before_workload"": 12, ""ydb_initial_drop_missing_table"": 14, ""ydb_tablet_split_retry"": 4, ""ydb_finished_transaction_read_abort"": 2, ""ydb_finished_transaction_sibling_abort"": 1, ""ydb_finished_split_wrong_shard"": 3}",,not_verified,,,,,Completed,2026-09-15T23:36:40.846351+00:00,,,automatic_verified,,
ydb,26.1,single,yandex,ru-central1-a,simple,,2026-09-15T19:51:57.341608086Z,2026-09-15T19:55:02.183069474Z,smoke-2m-2vus,passed,passed,pending,pending,pending,passed,not_applicable,pending,passed,passed,passed,passed,not_applicable,passed,pending,passed,matrix-ydbmetrics-4f28bec5-ydb-single-26.1,,suite-ydb-metricsretry.json,catalog-functional-check.json,2026-09-15T20:08:13.942451+00:00,"All configured native workloads completed without terminal errors. Persisted native OTLP, scalar component metrics, logs, traces, artifact downloads and removal of owned YC resources verified. Database histogram/summary export remains pending.","{""ydb_transaction_conflict"": 295, ""ydb_tablet_split_retry"": 4, ""ydb_initial_drop_missing_table"": 14, ""ydb_bootstrap_before_workload"": 8}",,passed,,,,,Completed,2026-09-15T23:36:40.846351+00:00,,,not_recorded,,
ydb,26.1,mirror-3-dc,yandex,"ru-central1-a,ru-central1-b,ru-central1-d",simple,,2026-09-15T23:04:47.727558582Z,2026-09-15T23:07:59.693062294Z,smoke-2m-2vus,passed,passed,pending,pending,pending,passed,not_applicable,pending,passed,passed,passed,passed,not_applicable,passed,pending,passed,matrix-ydbautonomous-73a81601-ydb-mirror-3-dc-26.1-autonomous,,suite-ydb-autonomous.json,catalog-functional-check.json,2026-09-15T23:34:05.580390+00:00,"All configured native workloads completed without terminal errors. Persisted native OTLP, scalar component metrics, logs, traces, artifact downloads and removal of owned YC resources verified. Database histogram/summary export remains pending.","{""ydb_bootstrap_before_workload"": 12, ""ydb_read_transaction_conflict"": 4, ""ydb_initial_drop_missing_table"": 14, ""ydb_read_conflict_sibling_abort"": 2, ""ydb_transaction_conflict"": 178}",,not_verified,,,,,Completed,2026-09-15T23:36:40.846351+00:00,,,automatic_verified,,
ydb,25.4,single,yandex,ru-central1-a,simple,,2026-09-15T19:39:28.637707763Z,2026-09-15T19:42:37.407103501Z,smoke-2m-2vus,passed,passed,pending,pending,pending,passed,not_applicable,pending,passed,passed,passed,passed,not_applicable,passed,pending,passed,matrix-ydbmetrics-4f28bec5-ydb-single-25.4,,suite-ydb-metricsretry.json,catalog-functional-check.json,2026-09-15T20:04:22.361387+00:00,"All configured native workloads completed without terminal errors. Persisted native OTLP, scalar component metrics, logs, traces, artifact downloads and removal of owned YC resources verified. Database histogram/summary export remains pending.","{""ydb_aborted_volatile_write"": 148, ""ydb_transaction_conflict"": 253, ""ydb_initial_drop_missing_table"": 14, ""ydb_bootstrap_before_workload"": 8}",,passed,,,,,Completed,2026-09-15T23:36:40.846351+00:00,,,not_recorded,,
ydb,25.4,mirror-3-dc,yandex,"ru-central1-a,ru-central1-b,ru-central1-d",simple,,2026-09-15T21:07:43.471389424Z,2026-09-15T21:10:53.526428056Z,smoke-2m-2vus,passed,passed,pending,pending,pending,passed,not_applicable,pending,passed,passed,passed,passed,not_applicable,passed,pending,passed,matrix-ydbchannels-09c363ed-ydb-mirror-3-dc-25.4,,suite-ydb-channelretry.json,catalog-functional-check.json,2026-09-15T21:30:39.580354+00:00,"All configured native workloads completed without terminal errors. Persisted native OTLP, scalar component metrics, logs, traces, artifact downloads and removal of owned YC resources verified. Database histogram/summary export remains pending.","{""ydb_bootstrap_before_workload"": 12, ""ydb_initial_drop_missing_table"": 14, ""ydb_transaction_conflict"": 62, ""ydb_read_transaction_conflict"": 2, ""ydb_aborted_volatile_write"": 12, ""ydb_read_conflict_sibling_abort"": 1}",,not_verified,,,,,Completed,2026-09-15T23:36:40.846351+00:00,,,not_recorded,,
ydb_managed,managed,dedicated-medium,yandex,"ru-central1-a,ru-central1-b,ru-central1-d",simple,,2026-09-15T18:22:08.166104683Z,2026-09-15T18:25:13.767438858Z,smoke-2m-2vus,passed,passed,pending,pending,pending,passed,pending,pending,passed,passed,not_applicable,passed,not_applicable,passed,pending,passed,matrix-ydbpopulation-f4bd4b38-ydb-managed-dedicated-medium,,suite-ydb-populationretry.json,catalog-functional-check.json,2026-09-15T18:31:49.146766+00:00,"All configured native workloads completed without terminal errors. Persisted native OTLP, scalar component metrics, logs, traces, artifact downloads and removal of owned YC resources verified. Database histogram/summary export remains pending.",{},,not_applicable,,,,,Completed,2026-09-15T23:36:40.846351+00:00,,,not_recorded,,
ydb_managed,managed,serverless,yandex,ru-central1-a,simple,,2026-09-15T18:51:04.750552705Z,2026-09-15T18:55:24.115056705Z,smoke-2m-2vus,passed,passed,pending,pending,pending,passed,pending,pending,passed,passed,not_applicable,passed,not_applicable,passed,pending,passed,matrix-ydbready-cd74e12d-ydb-managed-serverless,,suite-ydb-queryready.json,catalog-functional-check.json,2026-09-15T18:57:38.465933+00:00,"All configured native workloads completed without terminal errors. Persisted native OTLP, scalar component metrics, logs, traces, artifact downloads and removal of owned YC resources verified. Database histogram/summary export remains pending.",{},,not_applicable,,,,,Completed,2026-09-15T23:36:40.846351+00:00,,,not_recorded,,
cockroach,26.3,single,yandex,ru-central1-a,simple,v26.3.1,2026-09-15T18:44:07.55854485Z,2026-09-15T18:49:30.215743675Z,smoke-2m-2vus,passed,passed,pending,pending,pending,passed,not_applicable,pending,passed,passed,passed,passed,not_applicable,passed,pending,passed,matrix-cockroach-74ee56ed-cockroach-single-26.3,,suite-cockroach-matrix.json,catalog-functional-check.json,2026-09-15T18:53:25.354762+00:00,"All configured native workloads completed without terminal errors. Persisted native OTLP, scalar component metrics, logs, traces, artifact downloads and removal of owned YC resources verified. Database histogram/summary export remains pending.",{},,passed,,,,,Completed,2026-09-15T23:36:40.846351+00:00,,,not_recorded,,
cockroach,26.3,three-node,yandex,ru-central1-a,simple,v26.3.1,2026-09-15T20:31:33.648208575Z,2026-09-15T20:36:57.444295571Z,smoke-2m-2vus,passed,passed,pending,pending,pending,passed,not_applicable,pending,passed,passed,passed,passed,not_applicable,passed,pending,passed,matrix-cockroach-74ee56ed-cockroach-three-node-26.3,,suite-cockroach-matrix.json,catalog-functional-check.json,2026-09-15T20:44:47.728531+00:00,"All configured native workloads completed without terminal errors. Persisted native OTLP, scalar component metrics, logs, traces, artifact downloads and removal of owned YC resources verified. Database histogram/summary export remains pending.",{},,passed,,,,,Completed,2026-09-15T23:36:40.846351+00:00,,,not_recorded,,
cockroach,26.2,single,yandex,ru-central1-a,simple,v26.2.6,2026-09-15T18:30:25.682768126Z,2026-09-15T18:35:35.614928585Z,smoke-2m-2vus,passed,passed,pending,pending,pending,passed,not_applicable,pending,passed,passed,passed,passed,not_applicable,passed,pending,passed,matrix-cockroach-74ee56ed-cockroach-single-26.2,,suite-cockroach-matrix.json,catalog-functional-check.json,2026-09-15T18:39:11.162423+00:00,"All configured native workloads completed without terminal errors. Persisted native OTLP, scalar component metrics, logs, traces, artifact downloads and removal of owned YC resources verified. Database histogram/summary export remains pending.",{},,passed,,,,,Completed,2026-09-15T23:36:40.846351+00:00,,,not_recorded,,
cockroach,26.2,three-node,yandex,ru-central1-a,simple,v26.2.6,2026-09-15T20:12:39.443966528Z,2026-09-15T20:17:53.274405203Z,smoke-2m-2vus,passed,passed,pending,pending,pending,passed,not_applicable,pending,passed,passed,passed,passed,not_applicable,passed,pending,passed,matrix-cockroach-74ee56ed-cockroach-three-node-26.2,,suite-cockroach-matrix.json,catalog-functional-check.json,2026-09-15T20:26:37.623769+00:00,"All configured native workloads completed without terminal errors. Persisted native OTLP, scalar component metrics, logs, traces, artifact downloads and removal of owned YC resources verified. Database histogram/summary export remains pending.",{},,passed,,,,,Completed,2026-09-15T23:36:40.846351+00:00,,,not_recorded,,
cockroach,25.4,single,yandex,ru-central1-a,simple,v25.4.16,2026-09-15T18:15:29.616401403Z,2026-09-15T18:20:30.251296667Z,smoke-2m-2vus,passed,passed,pending,pending,pending,passed,not_applicable,pending,passed,passed,passed,passed,not_applicable,passed,pending,passed,matrix-cockroach-74ee56ed-cockroach-single-25.4,,suite-cockroach-matrix.json,catalog-functional-check.json,2026-09-15T18:24:12.734170+00:00,"All configured native workloads completed without terminal errors. Persisted native OTLP, scalar component metrics, logs, traces, artifact downloads and removal of owned YC resources verified. Database histogram/summary export remains pending.",{},,passed,,,,,Completed,2026-09-15T23:36:40.846351+00:00,,,not_recorded,,
cockroach,25.4,three-node,yandex,ru-central1-a,simple,v25.4.16,2026-09-15T19:55:16.796815274Z,2026-09-15T20:00:28.684142529Z,smoke-2m-2vus,passed,passed,pending,pending,pending,passed,not_applicable,pending,passed,passed,passed,passed,not_applicable,passed,pending,passed,matrix-cockroach-74ee56ed-cockroach-three-node-25.4,,suite-cockroach-matrix.json,catalog-functional-check.json,2026-09-15T20:11:48.264952+00:00,"All configured native workloads completed without terminal errors. Persisted native OTLP, scalar component metrics, logs, traces, artifact downloads and removal of owned YC resources verified. Database histogram/summary export remains pending.","{""cockroach_concurrent_auto_statistics"": 91}",,passed,,,,,Completed,2026-09-15T23:36:40.846351+00:00,,,not_recorded,,
cockroach,25.2,single,yandex,ru-central1-a,simple,v25.2.23,2026-09-15T18:03:26.479853403Z,2026-09-15T18:08:17.399301676Z,smoke-2m-2vus,passed,passed,pending,pending,pending,passed,not_applicable,pending,passed,passed,passed,passed,not_applicable,passed,pending,passed,matrix-cockroach-74ee56ed-cockroach-single-25.2,,suite-cockroach-matrix.json,catalog-functional-check.json,2026-09-15T18:11:04.061398+00:00,"All configured native workloads completed without terminal errors. Persisted native OTLP, scalar component metrics, logs, traces, artifact downloads and removal of owned YC resources verified. Database histogram/summary export remains pending.",{},,passed,,,,,Completed,2026-09-15T23:36:40.846351+00:00,,,not_recorded,,
cockroach,25.2,three-node,yandex,ru-central1-a,simple,v25.2.23,2026-09-15T19:38:26.000088498Z,2026-09-15T19:43:42.430699152Z,smoke-2m-2vus,passed,passed,pending,pending,pending,passed,not_applicable,pending,passed,passed,passed,passed,not_applicable,passed,pending,passed,matrix-cockroach-74ee56ed-cockroach-three-node-25.2,,suite-cockroach-matrix.json,catalog-functional-check.json,2026-09-15T19:59:19.611840+00:00,"All configured native workloads completed without terminal errors. Persisted native OTLP, scalar component metrics, logs, traces, artifact downloads and removal of owned YC resources verified. Database histogram/summary export remains pending.","{""cockroach_concurrent_auto_statistics"": 210}",,passed,,,,,Completed,2026-09-15T23:36:40.846351+00:00,,,not_recorded,,
cockroach,24.3,single,yandex,ru-central1-a,simple,v24.3.36,2026-09-15T17:51:21.119211324Z,2026-09-15T17:56:24.908770507Z,smoke-2m-2vus,passed,passed,pending,pending,pending,passed,not_applicable,pending,passed,passed,passed,passed,not_applicable,passed,pending,passed,matrix-cockroach-74ee56ed-cockroach-single-24.3,,suite-cockroach-matrix.json,catalog-functional-check.json,2026-09-15T17:59:42.658958+00:00,"All configured native workloads completed without terminal errors. Persisted native OTLP, scalar component metrics, logs, traces, artifact downloads and removal of owned YC resources verified. Database histogram/summary export remains pending.",{},,passed,,,,,Completed,2026-09-15T23:36:40.846351+00:00,,,not_recorded,,
cockroach,24.3,three-node,yandex,ru-central1-a,simple,v24.3.36,2026-09-15T19:19:17.624468236Z,2026-09-15T19:24:26.475464213Z,smoke-2m-2vus,passed,passed,pending,pending,pending,passed,not_applicable,pending,passed,passed,passed,passed,not_applicable,passed,pending,passed,matrix-cockroach-74ee56ed-cockroach-three-node-24.3,,suite-cockroach-matrix.json,catalog-functional-check.json,2026-09-15T19:43:51.972382+00:00,"All configured native workloads completed without terminal errors. Persisted native OTLP, scalar component metrics, logs, traces, artifact downloads and removal of owned YC resources verified. Database histogram/summary export remains pending.","{""cockroach_concurrent_auto_statistics"": 105, ""pebble_concurrent_compaction_retry"": 2}",,passed,,,,,Completed,2026-09-15T23:36:40.846351+00:00,,,not_recorded,,
cockroach,24.1,single,yandex,ru-central1-a,simple,v24.1.33,2026-09-15T17:38:02.760055482Z,2026-09-15T17:43:06.494644056Z,smoke-2m-2vus,passed,passed,pending,pending,pending,passed,not_applicable,pending,passed,passed,passed,passed,not_applicable,passed,pending,passed,matrix-cockroach-74ee56ed-cockroach-single-24.1,,suite-cockroach-matrix.json,catalog-functional-check.json,2026-09-15T17:46:42.638540+00:00,"All configured native workloads completed without terminal errors. Persisted native OTLP, scalar component metrics, logs, traces, artifact downloads and removal of owned YC resources verified. Database histogram/summary export remains pending.",{},,passed,,,,,Completed,2026-09-15T23:36:40.846351+00:00,,,not_recorded,,
cockroach,24.1,three-node,yandex,ru-central1-a,simple,v24.1.33,2026-09-15T18:58:12.023868609Z,2026-09-15T19:03:35.256288043Z,smoke-2m-2vus,passed,passed,pending,pending,pending,passed,not_applicable,pending,passed,passed,passed,passed,not_applicable,passed,pending,passed,matrix-cockroach-74ee56ed-cockroach-three-node-24.1,,suite-cockroach-matrix.json,catalog-functional-check.json,2026-09-15T19:25:32.778325+00:00,"All configured native workloads completed without terminal errors. Persisted native OTLP, scalar component metrics, logs, traces, artifact downloads and removal of owned YC resources verified. Database histogram/summary export remains pending.","{""cockroach_queue_owned_lease_elsewhere"": 35, ""pebble_concurrent_compaction_retry"": 1}",,passed,,,,,Completed,2026-09-15T23:36:40.846351+00:00,,,not_recorded,,
pg_noop,0.1.2,single,yandex,ru-central1-d,execute_sql,,2026-09-15T19:39:16.606319712Z,2026-09-15T19:41:21.252898436Z,smoke-2m-2vus,passed,passed,pending,pending,pending,passed,not_applicable,not_applicable,passed,passed,not_applicable,passed,not_applicable,passed,pending,passed,matrix-pgnoop-f4eb20b2-pg-noop-single,,suite-pg-noop-autoretry.json,catalog-functional-check.json,2026-09-15T19:45:40.283067+00:00,"Native execute_sql throughput and zero terminal errors verified; no logical transactions, TPS, population phase or database replication. Persisted runner/node metrics, logs, traces, artifact downloads and YC cleanup verified.",{},,not_verified,,,,,Completed,2026-09-15T23:36:40.846351+00:00,,,not_recorded,,
noop,builtin,runner-only,yandex,ru-central1-d,execute_sql,,2026-09-15T19:14:08.950884013Z,2026-09-15T19:16:13.969046749Z,smoke-2m-2vus,passed,passed,pending,pending,pending,passed,not_applicable,not_applicable,passed,passed,not_applicable,passed,not_applicable,passed,pending,passed,matrix-aux-30be9f55-noop-runner-only,,suite-auxiliary.json,catalog-functional-check.json,2026-09-15T19:17:48.891010+00:00,"Native execute_sql throughput and zero terminal errors verified; no logical transactions, TPS, population phase or database replication. Persisted runner/node metrics, logs, traces, artifact downloads and YC cleanup verified.",{},,not_verified,,,,,Completed,2026-09-15T23:36:40.846351+00:00,,,not_recorded,,
external,external,dsn,yandex,ru-central1-d,execute_sql,,2026-09-15T20:51:17.528424006Z,2026-09-15T20:53:21.403949029Z,smoke-2m-2vus,passed,passed,pending,pending,pending,passed,not_applicable,pending,passed,passed,not_applicable,passed,not_applicable,passed,pending,passed,external-dsn-7383cd13,,external-dsn-input.json,catalog-functional-check.json,2026-09-15T20:54:58.106473+00:00,"Read-only execute_sql against an owned PostgreSQL fixture; runner-only provisioning, native OTLP, runner telemetry, artifacts and cleanup verified. Fixture resources and canary survived runner cleanup; fixture then removed separately. See external-dsn-lifecycle-check.json. Other external protocols compile but are not live-verified by this run.",{},,not_applicable,,,,,Completed,2026-09-15T23:36:40.846351+00:00,,,not_recorded,,
postgres,17,single,yandex,ru-central1-a,simple,,,,native-otlp-20s-2vus,passed,passed,pending,pending,pending,passed,not_applicable,pending,pending,pending,pending,passed,not_applicable,passed,pending,passed,native-exports-74979a8a-tpcb,43434,suite-native-exports.json,native-export-check.json,2026-09-14T21:23:35.136852+00:00,segment=simple,not_checked,,,,,,,Completed,2026-09-15T23:36:40.846351+00:00,,,not_recorded,,
postgres,17,single,yandex,ru-central1-a,tpcb/tx,,,,native-otlp-20s-2vus,passed,passed,pending,pending,pending,passed,not_applicable,pending,pending,pending,pending,passed,passed,passed,pending,passed,native-exports-74979a8a-tpcb,11274,suite-native-exports.json,native-export-check.json,2026-09-14T21:23:35.136852+00:00,segment=tpcb-tx,not_checked,,,,,,,Completed,2026-09-15T23:36:40.846351+00:00,,,not_recorded,,
postgres,17,single,yandex,ru-central1-a,tpcb/procs,,,,native-otlp-20s-2vus,passed,passed,pending,pending,pending,passed,not_applicable,pending,pending,pending,pending,passed,passed,passed,pending,passed,native-exports-74979a8a-tpcb,15425,suite-native-exports.json,native-export-check.json,2026-09-14T21:23:35.136852+00:00,segment=tpcb-procs,not_checked,,,,,,,Completed,2026-09-15T23:36:40.846351+00:00,,,not_recorded,,
postgres,17,single,yandex,ru-central1-a,tpcc/tx,,,,native-otlp-20s-2vus-retry50,passed,passed,pending,pending,pending,passed,not_applicable,pending,pending,pending,pending,passed,passed,passed,pending,passed,native-tpcc-77fa0211-tpcc,4874,suite-native-tpcc-retry.json,native-export-check.json,2026-09-14T21:23:35.136852+00:00,segment=tpcc-tx,not_checked,50,,,,,,Completed,2026-09-15T23:36:40.846351+00:00,,,not_recorded,,
postgres,17,single,yandex,ru-central1-a,tpcc/procs,,,,native-otlp-20s-2vus-retry50,passed,passed,pending,pending,pending,passed,not_applicable,pending,pending,pending,pending,passed,passed,passed,pending,passed,native-tpcc-77fa0211-tpcc,9576,suite-native-tpcc-retry.json,native-export-check.json,2026-09-14T21:23:35.136852+00:00,segment=tpcc-procs,not_checked,50,,,,,,Completed,2026-09-15T23:36:40.846351+00:00,,,not_recorded,,
mysql,8.4,single,yandex,ru-central1-a,tpcb/tx,8.4.11,2026-09-15T10:02:08.585140Z,2026-09-15T10:14:41.205868Z,native-otlp-20s-2vus,passed,passed,pending,pending,pending,passed,not_applicable,pending,passed,passed,not_applicable,passed,passed,passed,pending,passed,matrix-mysql84-fixed-fc2399ff-mysql84-single,2135.0,suite-mysql84-single-fixed.json,mysql-family-check.json,2026-09-15T10:14:48.580723+00:00,segment=tpcb-tx,not_checked,,,,,,,Completed,2026-09-15T23:36:40.846351+00:00,,,not_recorded,,
mysql,8.4,single,yandex,ru-central1-a,tpcb/procs,8.4.11,2026-09-15T10:02:08.585140Z,2026-09-15T10:14:41.205868Z,native-otlp-20s-2vus,passed,passed,pending,pending,pending,passed,not_applicable,pending,passed,passed,not_applicable,passed,passed,passed,pending,passed,matrix-mysql84-fixed-fc2399ff-mysql84-single,2704.0,suite-mysql84-single-fixed.json,mysql-family-check.json,2026-09-15T10:14:48.580723+00:00,segment=tpcb-procs,not_checked,,,,,,,Completed,2026-09-15T23:36:40.846351+00:00,,,not_recorded,,
mysql,8.4,single,yandex,ru-central1-a,tpcc/tx,8.4.11,2026-09-15T10:02:08.585140Z,2026-09-15T10:14:41.205868Z,native-otlp-20s-2vus-retry50,passed,passed,pending,pending,pending,passed,not_applicable,pending,passed,passed,not_applicable,passed,passed,passed,pending,passed,matrix-mysql84-fixed-fc2399ff-mysql84-single,1566.0,suite-mysql84-single-fixed.json,mysql-family-check.json,2026-09-15T10:14:48.580723+00:00,segment=tpcc-tx,not_checked,,,,,,,Completed,2026-09-15T23:36:40.846351+00:00,,,not_recorded,,
mysql,8.4,single,yandex,ru-central1-a,tpcc/procs,8.4.11,2026-09-15T10:02:08.585140Z,2026-09-15T10:14:41.205868Z,native-otlp-20s-2vus-retry50,passed,passed,pending,pending,pending,passed,not_applicable,pending,passed,passed,not_applicable,passed,passed,passed,pending,passed,matrix-mysql84-fixed-fc2399ff-mysql84-single,2713.0,suite-mysql84-single-fixed.json,mysql-family-check.json,2026-09-15T10:14:48.580723+00:00,segment=tpcc-procs,not_checked,,,,,,,Completed,2026-09-15T23:36:40.846351+00:00,,,not_recorded,,
mysql,8.0,single,yandex,ru-central1-a,tpcb/tx,8.0.46,2026-09-15T08:43:43.758351Z,2026-09-15T08:55:34.297679Z,native-otlp-20s-2vus,passed,passed,pending,pending,pending,passed,not_applicable,pending,passed,passed,not_applicable,passed,passed,passed,pending,passed,matrix-mysql-fixed-2a83f8e4-mysql80-single,1770.0,suite-mysql-fixed.json,mysql-family-check.json,2026-09-15T08:57:28.449022+00:00,segment=tpcb-tx,not_checked,,,,,,,Completed,2026-09-15T23:36:40.846351+00:00,,,not_recorded,,
mysql,8.0,single,yandex,ru-central1-a,tpcb/procs,8.0.46,2026-09-15T08:43:43.758351Z,2026-09-15T08:55:34.297679Z,native-otlp-20s-2vus,passed,passed,pending,pending,pending,passed,not_applicable,pending,passed,passed,not_applicable,passed,passed,passed,pending,passed,matrix-mysql-fixed-2a83f8e4-mysql80-single,1746.0,suite-mysql-fixed.json,mysql-family-check.json,2026-09-15T08:57:28.449022+00:00,segment=tpcb-procs,not_checked,,,,,,,Completed,2026-09-15T23:36:40.846351+00:00,,,not_recorded,,
mysql,8.0,single,yandex,ru-central1-a,tpcc/tx,8.0.46,2026-09-15T08:43:43.758351Z,2026-09-15T08:55:34.297679Z,native-otlp-20s-2vus-retry50,passed,passed,pending,pending,pending,passed,not_applicable,pending,passed,passed,not_applicable,passed,passed,passed,pending,passed,matrix-mysql-fixed-2a83f8e4-mysql80-single,1408.0,suite-mysql-fixed.json,mysql-family-check.json,2026-09-15T08:57:28.449022+00:00,segment=tpcc-tx,not_checked,,,,,,,Completed,2026-09-15T23:36:40.846351+00:00,,,not_recorded,,
mysql,8.0,single,yandex,ru-central1-a,tpcc/procs,8.0.46,2026-09-15T08:43:43.758351Z,2026-09-15T08:55:34.297679Z,native-otlp-20s-2vus-retry50,passed,passed,pending,pending,pending,passed,not_applicable,pending,passed,passed,not_applicable,passed,passed,passed,pending,passed,matrix-mysql-fixed-2a83f8e4-mysql80-single,2342.0,suite-mysql-fixed.json,mysql-family-check.json,2026-09-15T08:57:28.449022+00:00,segment=tpcc-procs,not_checked,,,,,,,Completed,2026-09-15T23:36:40.846351+00:00,,,not_recorded,,
mysql,8.4,semi-sync,yandex,ru-central1-a,tpcb/tx,8.4.11,2026-09-15T09:45:00.424701Z,2026-09-15T09:59:45.903196Z,native-otlp-20s-2vus,passed,passed,pending,pending,pending,passed,not_applicable,pending,passed,passed,passed,passed,passed,passed,pending,passed,matrix-mysql-family-19fb11ff-mysql84-semi-sync,1577.0,suite-mysql-family-final.json,mysql-family-check.json,2026-09-15T10:02:41.788107+00:00,segment=tpcb-tx,not_checked,,,,,,,Completed,2026-09-15T23:36:40.846351+00:00,,,not_recorded,,
mysql,8.4,semi-sync,yandex,ru-central1-a,tpcb/procs,8.4.11,2026-09-15T09:45:00.424701Z,2026-09-15T09:59:45.903196Z,native-otlp-20s-2vus,passed,passed,pending,pending,pending,passed,not_applicable,pending,passed,passed,passed,passed,passed,passed,pending,passed,matrix-mysql-family-19fb11ff-mysql84-semi-sync,1818.0,suite-mysql-family-final.json,mysql-family-check.json,2026-09-15T10:02:41.788107+00:00,segment=tpcb-procs,not_checked,,,,,,,Completed,2026-09-15T23:36:40.846351+00:00,,,not_recorded,,
mysql,8.4,semi-sync,yandex,ru-central1-a,tpcc/tx,8.4.11,2026-09-15T09:45:00.424701Z,2026-09-15T09:59:45.903196Z,native-otlp-20s-2vus-retry50,passed,passed,pending,pending,pending,passed,not_applicable,pending,passed,passed,passed,passed,passed,passed,pending,passed,matrix-mysql-family-19fb11ff-mysql84-semi-sync,1363.0,suite-mysql-family-final.json,mysql-family-check.json,2026-09-15T10:02:41.788107+00:00,segment=tpcc-tx,not_checked,,,,,,,Completed,2026-09-15T23:36:40.846351+00:00,,,not_recorded,,
mysql,8.4,semi-sync,yandex,ru-central1-a,tpcc/procs,8.4.11,2026-09-15T09:45:00.424701Z,2026-09-15T09:59:45.903196Z,native-otlp-20s-2vus-retry50,passed,passed,pending,pending,pending,passed,not_applicable,pending,passed,passed,passed,passed,passed,passed,pending,passed,matrix-mysql-family-19fb11ff-mysql84-semi-sync,1622.0,suite-mysql-family-final.json,mysql-family-check.json,2026-09-15T10:02:41.788107+00:00,segment=tpcc-procs,not_checked,,,,,,,Completed,2026-09-15T23:36:40.846351+00:00,,,not_recorded,,
mysql,8.0,semi-sync,yandex,ru-central1-a,tpcb/tx,8.0.46,2026-09-15T09:45:00.428369Z,2026-09-15T10:00:00.361390Z,native-otlp-20s-2vus,passed,passed,pending,pending,pending,passed,not_applicable,pending,passed,passed,passed,passed,passed,passed,pending,passed,matrix-mysql-family-19fb11ff-mysql80-semi-sync,1332.0,suite-mysql-family-final.json,mysql-family-check.json,2026-09-15T10:03:06.628975+00:00,segment=tpcb-tx,not_checked,,,,,,,Completed,2026-09-15T23:36:40.846351+00:00,,,not_recorded,,
mysql,8.0,semi-sync,yandex,ru-central1-a,tpcb/procs,8.0.46,2026-09-15T09:45:00.428369Z,2026-09-15T10:00:00.361390Z,native-otlp-20s-2vus,passed,passed,pending,pending,pending,passed,not_applicable,pending,passed,passed,passed,passed,passed,passed,pending,passed,matrix-mysql-family-19fb11ff-mysql80-semi-sync,1504.0,suite-mysql-family-final.json,mysql-family-check.json,2026-09-15T10:03:06.628975+00:00,segment=tpcb-procs,not_checked,,,,,,,Completed,2026-09-15T23:36:40.846351+00:00,,,not_recorded,,
mysql,8.0,semi-sync,yandex,ru-central1-a,tpcc/tx,8.0.46,2026-09-15T09:45:00.428369Z,2026-09-15T10:00:00.361390Z,native-otlp-20s-2vus-retry50,passed,passed,pending,pending,pending,passed,not_applicable,pending,passed,passed,passed,passed,passed,passed,pending,passed,matrix-mysql-family-19fb11ff-mysql80-semi-sync,1279.0,suite-mysql-family-final.json,mysql-family-check.json,2026-09-15T10:03:06.628975+00:00,segment=tpcc-tx,not_checked,,,,,,,Completed,2026-09-15T23:36:40.846351+00:00,,,not_recorded,,
mysql,8.0,semi-sync,yandex,ru-central1-a,tpcc/procs,8.0.46,2026-09-15T09:45:00.428369Z,2026-09-15T10:00:00.361390Z,native-otlp-20s-2vus-retry50,passed,passed,pending,pending,pending,passed,not_applicable,pending,passed,passed,passed,passed,passed,passed,pending,passed,matrix-mysql-family-19fb11ff-mysql80-semi-sync,1623.0,suite-mysql-family-final.json,mysql-family-check.json,2026-09-15T10:03:06.628975+00:00,segment=tpcc-procs,not_checked,,,,,,,Completed,2026-09-15T23:36:40.846351+00:00,,,not_recorded,,
mariadb,11.8,single,yandex,ru-central1-a,tpcb/tx,11.8.9-MariaDB-ubu2404-log,2026-09-15T12:06:07.023519297Z,2026-09-15T12:09:55.574755116Z,native-otlp-20s-2vus,passed,passed,pending,pending,pending,passed,not_applicable,pending,passed,passed,not_applicable,passed,passed,passed,pending,passed,matrix-maria-monitor-e4a0fdb4-mariadb-single-118,6093.0,suite-mariadb-monitor-fixed.json,mysql-family-check.json,2026-09-15T12:14:48.475326+00:00,segment=tpcb-tx; all native workloads and exporter collectors passed; log observations retained separately; MariaDB SLAVE MONITOR included at bootstrap,"{""mariadb_record_changed"": 338}",0.0,,,,,,Completed,2026-09-15T23:36:40.846351+00:00,,,not_recorded,,
mariadb,11.8,single,yandex,ru-central1-a,tpcb/procs,11.8.9-MariaDB-ubu2404-log,2026-09-15T12:06:07.023519297Z,2026-09-15T12:09:55.574755116Z,native-otlp-20s-2vus,passed,passed,pending,pending,pending,passed,not_applicable,pending,passed,passed,not_applicable,passed,passed,passed,pending,passed,matrix-maria-monitor-e4a0fdb4-mariadb-single-118,10067.0,suite-mariadb-monitor-fixed.json,mysql-family-check.json,2026-09-15T12:14:48.475326+00:00,segment=tpcb-procs; all native workloads and exporter collectors passed; log observations retained separately; MariaDB SLAVE MONITOR included at bootstrap,"{""mariadb_record_changed"": 338}",0.0,,,,,,Completed,2026-09-15T23:36:40.846351+00:00,,,not_recorded,,
mariadb,11.8,single,yandex,ru-central1-a,tpcc/tx,11.8.9-MariaDB-ubu2404-log,2026-09-15T12:06:07.023519297Z,2026-09-15T12:09:55.574755116Z,native-otlp-20s-2vus-retry50,passed,passed,pending,pending,pending,passed,not_applicable,pending,passed,passed,not_applicable,passed,passed,passed,pending,passed,matrix-maria-monitor-e4a0fdb4-mariadb-single-118,2563.0,suite-mariadb-monitor-fixed.json,mysql-family-check.json,2026-09-15T12:14:48.475326+00:00,segment=tpcc-tx; all native workloads and exporter collectors passed; log observations retained separately; MariaDB SLAVE MONITOR included at bootstrap,"{""mariadb_record_changed"": 338}",167.0,,,,,,Completed,2026-09-15T23:36:40.846351+00:00,,,not_recorded,,
mariadb,11.8,single,yandex,ru-central1-a,tpcc/procs,11.8.9-MariaDB-ubu2404-log,2026-09-15T12:06:07.023519297Z,2026-09-15T12:09:55.574755116Z,native-otlp-20s-2vus-retry50,passed,passed,pending,pending,pending,passed,not_applicable,pending,passed,passed,not_applicable,passed,passed,passed,pending,passed,matrix-maria-monitor-e4a0fdb4-mariadb-single-118,7855.0,suite-mariadb-monitor-fixed.json,mysql-family-check.json,2026-09-15T12:14:48.475326+00:00,segment=tpcc-procs; all native workloads and exporter collectors passed; log observations retained separately; MariaDB SLAVE MONITOR included at bootstrap,"{""mariadb_record_changed"": 338}",465.0,,,,,,Completed,2026-09-15T23:36:40.846351+00:00,,,not_recorded,,
mariadb,11.4,single,yandex,ru-central1-a,tpcb/tx,11.4.13-MariaDB-ubu2404-log,2026-09-15T12:17:55.843228002Z,2026-09-15T12:21:42.743075561Z,native-otlp-20s-2vus,passed,passed,pending,pending,pending,passed,not_applicable,pending,passed,passed,not_applicable,passed,passed,passed,pending,passed,matrix-maria-monitor-e4a0fdb4-mariadb-single-114,7327.0,suite-mariadb-monitor-fixed.json,mysql-family-check.json,2026-09-15T12:24:51.247137+00:00,segment=tpcb-tx; all native workloads and exporter collectors passed; log observations retained separately; MariaDB SLAVE MONITOR included at bootstrap,{},0.0,,,,,,Completed,2026-09-15T23:36:40.846351+00:00,,,not_recorded,,
mariadb,11.4,single,yandex,ru-central1-a,tpcb/procs,11.4.13-MariaDB-ubu2404-log,2026-09-15T12:17:55.843228002Z,2026-09-15T12:21:42.743075561Z,native-otlp-20s-2vus,passed,passed,pending,pending,pending,passed,not_applicable,pending,passed,passed,not_applicable,passed,passed,passed,pending,passed,matrix-maria-monitor-e4a0fdb4-mariadb-single-114,14489.0,suite-mariadb-monitor-fixed.json,mysql-family-check.json,2026-09-15T12:24:51.247137+00:00,segment=tpcb-procs; all native workloads and exporter collectors passed; log observations retained separately; MariaDB SLAVE MONITOR included at bootstrap,{},0.0,,,,,,Completed,2026-09-15T23:36:40.846351+00:00,,,not_recorded,,
mariadb,11.4,single,yandex,ru-central1-a,tpcc/tx,11.4.13-MariaDB-ubu2404-log,2026-09-15T12:17:55.843228002Z,2026-09-15T12:21:42.743075561Z,native-otlp-20s-2vus-retry50,passed,passed,pending,pending,pending,passed,not_applicable,pending,passed,passed,not_applicable,passed,passed,passed,pending,passed,matrix-maria-monitor-e4a0fdb4-mariadb-single-114,2860.0,suite-mariadb-monitor-fixed.json,mysql-family-check.json,2026-09-15T12:24:51.247137+00:00,segment=tpcc-tx; all native workloads and exporter collectors passed; log observations retained separately; MariaDB SLAVE MONITOR included at bootstrap,{},0.0,,,,,,Completed,2026-09-15T23:36:40.846351+00:00,,,not_recorded,,
mariadb,11.4,single,yandex,ru-central1-a,tpcc/procs,11.4.13-MariaDB-ubu2404-log,2026-09-15T12:17:55.843228002Z,2026-09-15T12:21:42.743075561Z,native-otlp-20s-2vus-retry50,passed,passed,pending,pending,pending,passed,not_applicable,pending,passed,passed,not_applicable,passed,passed,passed,pending,passed,matrix-maria-monitor-e4a0fdb4-mariadb-single-114,10538.0,suite-mariadb-monitor-fixed.json,mysql-family-check.json,2026-09-15T12:24:51.247137+00:00,segment=tpcc-procs; all native workloads and exporter collectors passed; log observations retained separately; MariaDB SLAVE MONITOR included at bootstrap,{},0.0,,,,,,Completed,2026-09-15T23:36:40.846351+00:00,,,not_recorded,,
mariadb,10.11,single,yandex,ru-central1-a,tpcb/tx,10.11.19-MariaDB-ubu2204-log,2026-09-15T12:21:18.600478025Z,2026-09-15T12:25:06.222631023Z,native-otlp-20s-2vus,passed,passed,pending,pending,pending,passed,not_applicable,pending,passed,passed,not_applicable,passed,passed,passed,pending,passed,matrix-maria-monitor-e4a0fdb4-mariadb-single-1011,6165.0,suite-mariadb-monitor-fixed.json,mysql-family-check.json,2026-09-15T12:53:56.872182+00:00,segment=tpcb-tx; all native workloads and exporter collectors passed; log observations retained separately; MariaDB SLAVE MONITOR included at bootstrap,{},0.0,,,,,,Completed,2026-09-15T23:36:40.846351+00:00,,,not_recorded,,
mariadb,10.11,single,yandex,ru-central1-a,tpcb/procs,10.11.19-MariaDB-ubu2204-log,2026-09-15T12:21:18.600478025Z,2026-09-15T12:25:06.222631023Z,native-otlp-20s-2vus,passed,passed,pending,pending,pending,passed,not_applicable,pending,passed,passed,not_applicable,passed,passed,passed,pending,passed,matrix-maria-monitor-e4a0fdb4-mariadb-single-1011,10608.0,suite-mariadb-monitor-fixed.json,mysql-family-check.json,2026-09-15T12:53:56.872182+00:00,segment=tpcb-procs; all native workloads and exporter collectors passed; log observations retained separately; MariaDB SLAVE MONITOR included at bootstrap,{},0.0,,,,,,Completed,2026-09-15T23:36:40.846351+00:00,,,not_recorded,,
mariadb,10.11,single,yandex,ru-central1-a,tpcc/tx,10.11.19-MariaDB-ubu2204-log,2026-09-15T12:21:18.600478025Z,2026-09-15T12:25:06.222631023Z,native-otlp-20s-2vus-retry50,passed,passed,pending,pending,pending,passed,not_applicable,pending,passed,passed,not_applicable,passed,passed,passed,pending,passed,matrix-maria-monitor-e4a0fdb4-mariadb-single-1011,2703.0,suite-mariadb-monitor-fixed.json,mysql-family-check.json,2026-09-15T12:53:56.872182+00:00,segment=tpcc-tx; all native workloads and exporter collectors passed; log observations retained separately; MariaDB SLAVE MONITOR included at bootstrap,{},0.0,,,,,,Completed,2026-09-15T23:36:40.846351+00:00,,,not_recorded,,
mariadb,10.11,single,yandex,ru-central1-a,tpcc/procs,10.11.19-MariaDB-ubu2204-log,2026-09-15T12:21:18.600478025Z,2026-09-15T12:25:06.222631023Z,native-otlp-20s-2vus-retry50,passed,passed,pending,pending,pending,passed,not_applicable,pending,passed,passed,not_applicable,passed,passed,passed,pending,passed,matrix-maria-monitor-e4a0fdb4-mariadb-single-1011,8287.0,suite-mariadb-monitor-fixed.json,mysql-family-check.json,2026-09-15T12:53:56.872182+00:00,segment=tpcc-procs; all native workloads and exporter collectors passed; log observations retained separately; MariaDB SLAVE MONITOR included at bootstrap,{},0.0,,,,,,Completed,2026-09-15T23:36:40.846351+00:00,,,not_recorded,,
mysql,8.4,group-replication,yandex,ru-central1-a,tpcb/tx,8.4.11,2026-09-15T11:14:16.325626194Z,2026-09-15T11:18:22.702447547Z,native-otlp-20s-2vus,passed,passed,pending,pending,pending,passed,not_applicable,pending,passed,passed,passed,passed,passed,passed,pending,passed,matrix-mysql-clusters-fixed-babb0afe-mysql-gr-84,2072.0,suite-mysql-clusters.json,mysql-clusters-check.json,2026-09-15T11:25:41.157567+00:00,segment=tpcb-tx,{},0.0,,,,,,Completed,2026-09-15T23:36:40.846351+00:00,,,not_recorded,,
mysql,8.4,group-replication,yandex,ru-central1-a,tpcb/procs,8.4.11,2026-09-15T11:14:16.325626194Z,2026-09-15T11:18:22.702447547Z,native-otlp-20s-2vus,passed,passed,pending,pending,pending,passed,not_applicable,pending,passed,passed,passed,passed,passed,passed,pending,passed,matrix-mysql-clusters-fixed-babb0afe-mysql-gr-84,2588.0,suite-mysql-clusters.json,mysql-clusters-check.json,2026-09-15T11:25:41.157567+00:00,segment=tpcb-procs,{},0.0,,,,,,Completed,2026-09-15T23:36:40.846351+00:00,,,not_recorded,,
mysql,8.4,group-replication,yandex,ru-central1-a,tpcc/tx,8.4.11,2026-09-15T11:14:16.325626194Z,2026-09-15T11:18:22.702447547Z,native-otlp-20s-2vus-retry50,passed,passed,pending,pending,pending,passed,not_applicable,pending,passed,passed,passed,passed,passed,passed,pending,passed,matrix-mysql-clusters-fixed-babb0afe-mysql-gr-84,1240.0,suite-mysql-clusters.json,mysql-clusters-check.json,2026-09-15T11:25:41.157567+00:00,segment=tpcc-tx,{},0.0,,,,,,Completed,2026-09-15T23:36:40.846351+00:00,,,not_recorded,,
mysql,8.4,group-replication,yandex,ru-central1-a,tpcc/procs,8.4.11,2026-09-15T11:14:16.325626194Z,2026-09-15T11:18:22.702447547Z,native-otlp-20s-2vus-retry50,passed,passed,pending,pending,pending,passed,not_applicable,pending,passed,passed,passed,passed,passed,passed,pending,passed,matrix-mysql-clusters-fixed-babb0afe-mysql-gr-84,2668.0,suite-mysql-clusters.json,mysql-clusters-check.json,2026-09-15T11:25:41.157567+00:00,segment=tpcc-procs,{},0.0,,,,,,Completed,2026-09-15T23:36:40.846351+00:00,,,not_recorded,,
mysql,8.0,group-replication,yandex,ru-central1-a,tpcb/tx,8.0.46,2026-09-15T11:14:20.375692663Z,2026-09-15T11:18:30.334867558Z,native-otlp-20s-2vus,passed,passed,pending,pending,pending,passed,not_applicable,pending,passed,passed,passed,passed,passed,passed,pending,passed,matrix-mysql-clusters-fixed-babb0afe-mysql-gr-80,1524.0,suite-mysql-clusters.json,mysql-clusters-check.json,2026-09-15T11:26:42.501200+00:00,segment=tpcb-tx,{},0.0,,,,,,Completed,2026-09-15T23:36:40.846351+00:00,,,not_recorded,,
mysql,8.0,group-replication,yandex,ru-central1-a,tpcb/procs,8.0.46,2026-09-15T11:14:20.375692663Z,2026-09-15T11:18:30.334867558Z,native-otlp-20s-2vus,passed,passed,pending,pending,pending,passed,not_applicable,pending,passed,passed,passed,passed,passed,passed,pending,passed,matrix-mysql-clusters-fixed-babb0afe-mysql-gr-80,1833.0,suite-mysql-clusters.json,mysql-clusters-check.json,2026-09-15T11:26:42.501200+00:00,segment=tpcb-procs,{},0.0,,,,,,Completed,2026-09-15T23:36:40.846351+00:00,,,not_recorded,,
mysql,8.0,group-replication,yandex,ru-central1-a,tpcc/tx,8.0.46,2026-09-15T11:14:20.375692663Z,2026-09-15T11:18:30.334867558Z,native-otlp-20s-2vus-retry50,passed,passed,pending,pending,pending,passed,not_applicable,pending,passed,passed,passed,passed,passed,passed,pending,passed,matrix-mysql-clusters-fixed-babb0afe-mysql-gr-80,1106.0,suite-mysql-clusters.json,mysql-clusters-check.json,2026-09-15T11:26:42.501200+00:00,segment=tpcc-tx,{},0.0,,,,,,Completed,2026-09-15T23:36:40.846351+00:00,,,not_recorded,,
mysql,8.0,group-replication,yandex,ru-central1-a,tpcc/procs,8.0.46,2026-09-15T11:14:20.375692663Z,2026-09-15T11:18:30.334867558Z,native-otlp-20s-2vus-retry50,passed,passed,pending,pending,pending,passed,not_applicable,pending,passed,passed,passed,passed,passed,passed,pending,passed,matrix-mysql-clusters-fixed-babb0afe-mysql-gr-80,2037.0,suite-mysql-clusters.json,mysql-clusters-check.json,2026-09-15T11:26:42.501200+00:00,segment=tpcc-procs,{},0.0,,,,,,Completed,2026-09-15T23:36:40.846351+00:00,,,not_recorded,,
mariadb,11.8,galera,yandex,ru-central1-a,tpcb/tx,11.8.9-MariaDB-ubu2404-log,2026-09-15T11:49:04.819455144Z,2026-09-15T11:52:58.025645598Z,native-otlp-20s-2vus,passed,passed,pending,pending,pending,passed,not_applicable,pending,passed,passed,passed,passed,passed,passed,pending,passed,matrix-maria-monitor-e4a0fdb4-mariadb-galera-118,4401.0,suite-mariadb-monitor-fixed.json,mysql-clusters-check.json,2026-09-15T12:05:51.338359+00:00,segment=tpcb-tx; all native workloads and exporter collectors passed; log observations retained separately; MariaDB SLAVE MONITOR included at bootstrap,"{""mariadb_record_changed"": 49}",0.0,,,,,,Completed,2026-09-15T23:36:40.846351+00:00,,,not_recorded,,
mariadb,11.8,galera,yandex,ru-central1-a,tpcb/procs,11.8.9-MariaDB-ubu2404-log,2026-09-15T11:49:04.819455144Z,2026-09-15T11:52:58.025645598Z,native-otlp-20s-2vus,passed,passed,pending,pending,pending,passed,not_applicable,pending,passed,passed,passed,passed,passed,passed,pending,passed,matrix-maria-monitor-e4a0fdb4-mariadb-galera-118,7197.0,suite-mariadb-monitor-fixed.json,mysql-clusters-check.json,2026-09-15T12:05:51.338359+00:00,segment=tpcb-procs; all native workloads and exporter collectors passed; log observations retained separately; MariaDB SLAVE MONITOR included at bootstrap,"{""mariadb_record_changed"": 49}",0.0,,,,,,Completed,2026-09-15T23:36:40.846351+00:00,,,not_recorded,,
mariadb,11.8,galera,yandex,ru-central1-a,tpcc/tx,11.8.9-MariaDB-ubu2404-log,2026-09-15T11:49:04.819455144Z,2026-09-15T11:52:58.025645598Z,native-otlp-20s-2vus-retry50,passed,passed,pending,pending,pending,passed,not_applicable,pending,passed,passed,passed,passed,passed,passed,pending,passed,matrix-maria-monitor-e4a0fdb4-mariadb-galera-118,1338.0,suite-mariadb-monitor-fixed.json,mysql-clusters-check.json,2026-09-15T12:05:51.338359+00:00,segment=tpcc-tx; all native workloads and exporter collectors passed; log observations retained separately; MariaDB SLAVE MONITOR included at bootstrap,"{""mariadb_record_changed"": 49}",79.0,,,,,,Completed,2026-09-15T23:36:40.846351+00:00,,,not_recorded,,
mariadb,11.8,galera,yandex,ru-central1-a,tpcc/procs,11.8.9-MariaDB-ubu2404-log,2026-09-15T11:49:04.819455144Z,2026-09-15T11:52:58.025645598Z,native-otlp-20s-2vus-retry50,passed,passed,pending,pending,pending,passed,not_applicable,pending,passed,passed,passed,passed,passed,passed,pending,passed,matrix-maria-monitor-e4a0fdb4-mariadb-galera-118,4255.0,suite-mariadb-monitor-fixed.json,mysql-clusters-check.json,2026-09-15T12:05:51.338359+00:00,segment=tpcc-procs; all native workloads and exporter collectors passed; log observations retained separately; MariaDB SLAVE MONITOR included at bootstrap,"{""mariadb_record_changed"": 49}",191.0,,,,,,Completed,2026-09-15T23:36:40.846351+00:00,,,not_recorded,,
mariadb,11.4,galera,yandex,ru-central1-a,tpcb/tx,11.4.13-MariaDB-ubu2404-log,2026-09-15T11:49:06.272739804Z,2026-09-15T11:53:02.737056876Z,native-otlp-20s-2vus,passed,passed,pending,pending,pending,passed,not_applicable,pending,passed,passed,passed,passed,passed,passed,pending,passed,matrix-maria-monitor-e4a0fdb4-mariadb-galera-114,4088.0,suite-mariadb-monitor-fixed.json,mysql-clusters-check.json,2026-09-15T12:05:51.338936+00:00,segment=tpcb-tx; all native workloads and exporter collectors passed; log observations retained separately; MariaDB SLAVE MONITOR included at bootstrap,"{""galera_monitor_timeout"": 3}",0.0,,,,,,Completed,2026-09-15T23:36:40.846351+00:00,,,not_recorded,,
mariadb,11.4,galera,yandex,ru-central1-a,tpcb/procs,11.4.13-MariaDB-ubu2404-log,2026-09-15T11:49:06.272739804Z,2026-09-15T11:53:02.737056876Z,native-otlp-20s-2vus,passed,passed,pending,pending,pending,passed,not_applicable,pending,passed,passed,passed,passed,passed,passed,pending,passed,matrix-maria-monitor-e4a0fdb4-mariadb-galera-114,7243.0,suite-mariadb-monitor-fixed.json,mysql-clusters-check.json,2026-09-15T12:05:51.338936+00:00,segment=tpcb-procs; all native workloads and exporter collectors passed; log observations retained separately; MariaDB SLAVE MONITOR included at bootstrap,"{""galera_monitor_timeout"": 3}",0.0,,,,,,Completed,2026-09-15T23:36:40.846351+00:00,,,not_recorded,,
mariadb,11.4,galera,yandex,ru-central1-a,tpcc/tx,11.4.13-MariaDB-ubu2404-log,2026-09-15T11:49:06.272739804Z,2026-09-15T11:53:02.737056876Z,native-otlp-20s-2vus-retry50,passed,passed,pending,pending,pending,passed,not_applicable,pending,passed,passed,passed,passed,passed,passed,pending,passed,matrix-maria-monitor-e4a0fdb4-mariadb-galera-114,1396.0,suite-mariadb-monitor-fixed.json,mysql-clusters-check.json,2026-09-15T12:05:51.338936+00:00,segment=tpcc-tx; all native workloads and exporter collectors passed; log observations retained separately; MariaDB SLAVE MONITOR included at bootstrap,"{""galera_monitor_timeout"": 3}",0.0,,,,,,Completed,2026-09-15T23:36:40.846351+00:00,,,not_recorded,,
mariadb,11.4,galera,yandex,ru-central1-a,tpcc/procs,11.4.13-MariaDB-ubu2404-log,2026-09-15T11:49:06.272739804Z,2026-09-15T11:53:02.737056876Z,native-otlp-20s-2vus-retry50,passed,passed,pending,pending,pending,passed,not_applicable,pending,passed,passed,passed,passed,passed,passed,pending,passed,matrix-maria-monitor-e4a0fdb4-mariadb-galera-114,3764.0,suite-mariadb-monitor-fixed.json,mysql-clusters-check.json,2026-09-15T12:05:51.338936+00:00,segment=tpcc-procs; all native workloads and exporter collectors passed; log observations retained separately; MariaDB SLAVE MONITOR included at bootstrap,"{""galera_monitor_timeout"": 3}",0.0,,,,,,Completed,2026-09-15T23:36:40.846351+00:00,,,not_recorded,,
mariadb,10.11,galera,yandex,ru-central1-a,tpcb/tx,10.11.19-MariaDB-ubu2204-log,2026-09-15T12:05:14.389886462Z,2026-09-15T12:09:12.844741815Z,native-otlp-20s-2vus,passed,passed,pending,pending,pending,passed,not_applicable,pending,passed,passed,passed,passed,passed,passed,pending,passed,matrix-maria-monitor-e4a0fdb4-mariadb-galera-1011,4397.0,suite-mariadb-monitor-fixed.json,mysql-clusters-check.json,2026-09-15T12:27:00.803617+00:00,segment=tpcb-tx; all native workloads and exporter collectors passed; log observations retained separately; MariaDB SLAVE MONITOR included at bootstrap; First 45 seconds retain delayed bootstrap gauges in workload_observation and are checked with database log timestamps plus independent SQL probe; strict cluster metric assertions start at workload+45s (30s scrape beat + 15s OTLP collection). This does not establish continuous or scrape-time metric coverage. See mariadb-galera-1011.startup-telemetry.json.,"{""galera_monitor_timeout"": 2}",0.0,,,,,,Completed,2026-09-15T23:36:40.846351+00:00,,,not_recorded,,
mariadb,10.11,galera,yandex,ru-central1-a,tpcb/procs,10.11.19-MariaDB-ubu2204-log,2026-09-15T12:05:14.389886462Z,2026-09-15T12:09:12.844741815Z,native-otlp-20s-2vus,passed,passed,pending,pending,pending,passed,not_applicable,pending,passed,passed,passed,passed,passed,passed,pending,passed,matrix-maria-monitor-e4a0fdb4-mariadb-galera-1011,8306.0,suite-mariadb-monitor-fixed.json,mysql-clusters-check.json,2026-09-15T12:27:00.803617+00:00,segment=tpcb-procs; all native workloads and exporter collectors passed; log observations retained separately; MariaDB SLAVE MONITOR included at bootstrap; First 45 seconds retain delayed bootstrap gauges in workload_observation and are checked with database log timestamps plus independent SQL probe; strict cluster metric assertions start at workload+45s (30s scrape beat + 15s OTLP collection). This does not establish continuous or scrape-time metric coverage. See mariadb-galera-1011.startup-telemetry.json.,"{""galera_monitor_timeout"": 2}",0.0,,,,,,Completed,2026-09-15T23:36:40.846351+00:00,,,not_recorded,,
mariadb,10.11,galera,yandex,ru-central1-a,tpcc/tx,10.11.19-MariaDB-ubu2204-log,2026-09-15T12:05:14.389886462Z,2026-09-15T12:09:12.844741815Z,native-otlp-20s-2vus-retry50,passed,passed,pending,pending,pending,passed,not_applicable,pending,passed,passed,passed,passed,passed,passed,pending,passed,matrix-maria-monitor-e4a0fdb4-mariadb-galera-1011,1414.0,suite-mariadb-monitor-fixed.json,mysql-clusters-check.json,2026-09-15T12:27:00.803617+00:00,segment=tpcc-tx; all native workloads and exporter collectors passed; log observations retained separately; MariaDB SLAVE MONITOR included at bootstrap; First 45 seconds retain delayed bootstrap gauges in workload_observation and are checked with database log timestamps plus independent SQL probe; strict cluster metric assertions start at workload+45s (30s scrape beat + 15s OTLP collection). This does not establish continuous or scrape-time metric coverage. See mariadb-galera-1011.startup-telemetry.json.,"{""galera_monitor_timeout"": 2}",0.0,,,,,,Completed,2026-09-15T23:36:40.846351+00:00,,,not_recorded,,
mariadb,10.11,galera,yandex,ru-central1-a,tpcc/procs,10.11.19-MariaDB-ubu2204-log,2026-09-15T12:05:14.389886462Z,2026-09-15T12:09:12.844741815Z,native-otlp-20s-2vus-retry50,passed,passed,pending,pending,pending,passed,not_applicable,pending,passed,passed,passed,passed,passed,passed,pending,passed,matrix-maria-monitor-e4a0fdb4-mariadb-galera-1011,4350.0,suite-mariadb-monitor-fixed.json,mysql-clusters-check.json,2026-09-15T12:27:00.803617+00:00,segment=tpcc-procs; all native workloads and exporter collectors passed; log observations retained separately; MariaDB SLAVE MONITOR included at bootstrap; First 45 seconds retain delayed bootstrap gauges in workload_observation and are checked with database log timestamps plus independent SQL probe; strict cluster metric assertions start at workload+45s (30s scrape beat + 15s OTLP collection). This does not establish continuous or scrape-time metric coverage. See mariadb-galera-1011.startup-telemetry.json.,"{""galera_monitor_timeout"": 2}",0.0,,,,,,Completed,2026-09-15T23:36:40.846351+00:00,,,not_recorded,,
orioledb,beta17-pg18,single,yandex,ru-central1-a,tpcb/tx,"PostgreSQL 18.6 OrioleDB beta 17 PGTAG=patches18_2 alpine:3.21+clang build:2026-09-04T21:10:49+00:00 18.6 on x86_64-pc-linux-musl, compiled by Alpine clang version 19.1.4, 64-bit",2026-09-15T13:28:08.356068587Z,2026-09-15T13:28:31.372724314Z,native-otlp-20s-2vus,passed,passed,pending,pending,pending,passed,not_applicable,pending,passed,passed,not_applicable,passed,passed,passed,pending,passed,matrix-oriole-0d49e1e2-managed-orioledb-single-pg18,8373.0,suite-orioledb.json,catalog-functional-check.json,2026-09-15T13:39:17.098573+00:00,"segment=tpcb-tx; Native workload, durable telemetry and downloaded artifacts verified; actual Oriole table method and UTF8 checked by SQL on every member. Transaction conflict and expected TPC-C rollback log observations retained. Cleanup here proves resource removal, not graceful database shutdown.","{""postgres_transaction_conflict"": 489, ""diagnostic_probe_query_error"": 2}",0.0,,,,,,Completed,2026-09-15T23:36:40.846351+00:00,,,not_recorded,,
orioledb,beta17-pg18,single,yandex,ru-central1-a,tpcb/procs,"PostgreSQL 18.6 OrioleDB beta 17 PGTAG=patches18_2 alpine:3.21+clang build:2026-09-04T21:10:49+00:00 18.6 on x86_64-pc-linux-musl, compiled by Alpine clang version 19.1.4, 64-bit",2026-09-15T13:28:31.589403005Z,2026-09-15T13:28:54.036397545Z,native-otlp-20s-2vus,passed,passed,pending,pending,pending,passed,not_applicable,pending,passed,passed,not_applicable,passed,passed,passed,pending,passed,matrix-oriole-0d49e1e2-managed-orioledb-single-pg18,11568.0,suite-orioledb.json,catalog-functional-check.json,2026-09-15T13:39:17.098573+00:00,"segment=tpcb-procs; Native workload, durable telemetry and downloaded artifacts verified; actual Oriole table method and UTF8 checked by SQL on every member. Transaction conflict and expected TPC-C rollback log observations retained. Cleanup here proves resource removal, not graceful database shutdown.","{""postgres_transaction_conflict"": 489, ""diagnostic_probe_query_error"": 2}",0.0,,,,,,Completed,2026-09-15T23:36:40.846351+00:00,,,not_recorded,,
orioledb,beta17-pg18,single,yandex,ru-central1-a,tpcc/tx,"PostgreSQL 18.6 OrioleDB beta 17 PGTAG=patches18_2 alpine:3.21+clang build:2026-09-04T21:10:49+00:00 18.6 on x86_64-pc-linux-musl, compiled by Alpine clang version 19.1.4, 64-bit",2026-09-15T13:28:54.253394391Z,2026-09-15T13:29:20.195623416Z,native-otlp-20s-2vus,passed,passed,pending,pending,pending,passed,not_applicable,pending,passed,passed,not_applicable,passed,passed,passed,pending,passed,matrix-oriole-0d49e1e2-managed-orioledb-single-pg18,3878.0,suite-orioledb.json,catalog-functional-check.json,2026-09-15T13:39:17.098573+00:00,"segment=tpcc-tx; Native workload, durable telemetry and downloaded artifacts verified; actual Oriole table method and UTF8 checked by SQL on every member. Transaction conflict and expected TPC-C rollback log observations retained. Cleanup here proves resource removal, not graceful database shutdown.","{""postgres_transaction_conflict"": 489, ""diagnostic_probe_query_error"": 2}",665.0,,,,,,Completed,2026-09-15T23:36:40.846351+00:00,,,not_recorded,,
orioledb,beta17-pg18,single,yandex,ru-central1-a,tpcc/procs,"PostgreSQL 18.6 OrioleDB beta 17 PGTAG=patches18_2 alpine:3.21+clang build:2026-09-04T21:10:49+00:00 18.6 on x86_64-pc-linux-musl, compiled by Alpine clang version 19.1.4, 64-bit",2026-09-15T13:29:20.445025801Z,2026-09-15T13:29:46.986798817Z,native-otlp-20s-2vus,passed,passed,pending,pending,pending,passed,not_applicable,pending,passed,passed,not_applicable,passed,passed,passed,pending,passed,matrix-oriole-0d49e1e2-managed-orioledb-single-pg18,7239.0,suite-orioledb.json,catalog-functional-check.json,2026-09-15T13:39:17.098573+00:00,"segment=tpcc-procs; Native workload, durable telemetry and downloaded artifacts verified; actual Oriole table method and UTF8 checked by SQL on every member. Transaction conflict and expected TPC-C rollback log observations retained. Cleanup here proves resource removal, not graceful database shutdown.","{""postgres_transaction_conflict"": 489, ""diagnostic_probe_query_error"": 2}",1515.0,,,,,,Completed,2026-09-15T23:36:40.846351+00:00,,,not_recorded,,
orioledb,beta17-pg18,primary-replica,yandex,ru-central1-a,tpcb/tx,"PostgreSQL 18.6 OrioleDB beta 17 PGTAG=patches18_2 alpine:3.21+clang build:2026-09-04T21:10:49+00:00 18.6 on x86_64-pc-linux-musl, compiled by Alpine clang version 19.1.4, 64-bit",2026-09-15T13:28:41.084243825Z,2026-09-15T13:29:04.313860963Z,native-otlp-20s-2vus,passed,passed,pending,pending,pending,passed,not_applicable,pending,passed,passed,passed,passed,passed,passed,pending,passed,matrix-oriole-0d49e1e2-managed-orioledb-primary-replica-pg18,7094.0,suite-orioledb.json,catalog-functional-check.json,2026-09-15T13:46:17.391046+00:00,"segment=tpcb-tx; Native workload, durable telemetry and downloaded artifacts verified; actual Oriole table method and UTF8 checked by SQL on every member. Transaction conflict and expected TPC-C rollback log observations retained. Cleanup here proves resource removal, not graceful database shutdown.","{""postgres_transaction_conflict"": 378}",0.0,,,,,,Completed,2026-09-15T23:36:40.846351+00:00,,,not_recorded,,
orioledb,beta17-pg18,primary-replica,yandex,ru-central1-a,tpcb/procs,"PostgreSQL 18.6 OrioleDB beta 17 PGTAG=patches18_2 alpine:3.21+clang build:2026-09-04T21:10:49+00:00 18.6 on x86_64-pc-linux-musl, compiled by Alpine clang version 19.1.4, 64-bit",2026-09-15T13:29:04.518387708Z,2026-09-15T13:29:26.928472825Z,native-otlp-20s-2vus,passed,passed,pending,pending,pending,passed,not_applicable,pending,passed,passed,passed,passed,passed,passed,pending,passed,matrix-oriole-0d49e1e2-managed-orioledb-primary-replica-pg18,12060.0,suite-orioledb.json,catalog-functional-check.json,2026-09-15T13:46:17.391046+00:00,"segment=tpcb-procs; Native workload, durable telemetry and downloaded artifacts verified; actual Oriole table method and UTF8 checked by SQL on every member. Transaction conflict and expected TPC-C rollback log observations retained. Cleanup here proves resource removal, not graceful database shutdown.","{""postgres_transaction_conflict"": 378}",0.0,,,,,,Completed,2026-09-15T23:36:40.846351+00:00,,,not_recorded,,
orioledb,beta17-pg18,primary-replica,yandex,ru-central1-a,tpcc/tx,"PostgreSQL 18.6 OrioleDB beta 17 PGTAG=patches18_2 alpine:3.21+clang build:2026-09-04T21:10:49+00:00 18.6 on x86_64-pc-linux-musl, compiled by Alpine clang version 19.1.4, 64-bit",2026-09-15T13:29:27.157441037Z,2026-09-15T13:29:52.93259038Z,native-otlp-20s-2vus,passed,passed,pending,pending,pending,passed,not_applicable,pending,passed,passed,passed,passed,passed,passed,pending,passed,matrix-oriole-0d49e1e2-managed-orioledb-primary-replica-pg18,2693.0,suite-orioledb.json,catalog-functional-check.json,2026-09-15T13:46:17.391046+00:00,"segment=tpcc-tx; Native workload, durable telemetry and downloaded artifacts verified; actual Oriole table method and UTF8 checked by SQL on every member. Transaction conflict and expected TPC-C rollback log observations retained. Cleanup here proves resource removal, not graceful database shutdown.","{""postgres_transaction_conflict"": 378}",429.0,,,,,,Completed,2026-09-15T23:36:40.846351+00:00,,,not_recorded,,
orioledb,beta17-pg18,primary-replica,yandex,ru-central1-a,tpcc/procs,"PostgreSQL 18.6 OrioleDB beta 17 PGTAG=patches18_2 alpine:3.21+clang build:2026-09-04T21:10:49+00:00 18.6 on x86_64-pc-linux-musl, compiled by Alpine clang version 19.1.4, 64-bit",2026-09-15T13:29:53.160382994Z,2026-09-15T13:30:19.71216923Z,native-otlp-20s-2vus,passed,passed,pending,pending,pending,passed,not_applicable,pending,passed,passed,passed,passed,passed,passed,pending,passed,matrix-oriole-0d49e1e2-managed-orioledb-primary-replica-pg18,6327.0,suite-orioledb.json,catalog-functional-check.json,2026-09-15T13:46:17.391046+00:00,"segment=tpcc-procs; Native workload, durable telemetry and downloaded artifacts verified; actual Oriole table method and UTF8 checked by SQL on every member. Transaction conflict and expected TPC-C rollback log observations retained. Cleanup here proves resource removal, not graceful database shutdown.","{""postgres_transaction_conflict"": 378}",1333.0,,,,,,Completed,2026-09-15T23:36:40.846351+00:00,,,not_recorded,,
orioledb,beta17-pg17,single,yandex,ru-central1-a,tpcb/tx,"PostgreSQL 17.11 OrioleDB beta 17 PGTAG=patches17_21 alpine:3.21+clang build:2026-09-04T21:10:45+00:00 17.11 on x86_64-pc-linux-musl, compiled by Alpine clang version 19.1.4, 64-bit",2026-09-15T13:39:13.199308044Z,2026-09-15T13:39:36.940890392Z,native-otlp-20s-2vus,passed,passed,pending,pending,pending,passed,not_applicable,pending,passed,passed,not_applicable,passed,passed,passed,pending,passed,matrix-oriole-0d49e1e2-managed-orioledb-single-pg17,9211.0,suite-orioledb.json,catalog-functional-check.json,2026-09-15T13:44:12.665682+00:00,"segment=tpcb-tx; Native workload, durable telemetry and downloaded artifacts verified; actual Oriole table method and UTF8 checked by SQL on every member. Transaction conflict and expected TPC-C rollback log observations retained. Cleanup here proves resource removal, not graceful database shutdown.","{""postgres_transaction_conflict"": 483}",0.0,,,,,,Completed,2026-09-15T23:36:40.846351+00:00,,,not_recorded,,
orioledb,beta17-pg17,single,yandex,ru-central1-a,tpcb/procs,"PostgreSQL 17.11 OrioleDB beta 17 PGTAG=patches17_21 alpine:3.21+clang build:2026-09-04T21:10:45+00:00 17.11 on x86_64-pc-linux-musl, compiled by Alpine clang version 19.1.4, 64-bit",2026-09-15T13:39:37.137868066Z,2026-09-15T13:39:59.421867316Z,native-otlp-20s-2vus,passed,passed,pending,pending,pending,passed,not_applicable,pending,passed,passed,not_applicable,passed,passed,passed,pending,passed,matrix-oriole-0d49e1e2-managed-orioledb-single-pg17,12527.0,suite-orioledb.json,catalog-functional-check.json,2026-09-15T13:44:12.665682+00:00,"segment=tpcb-procs; Native workload, durable telemetry and downloaded artifacts verified; actual Oriole table method and UTF8 checked by SQL on every member. Transaction conflict and expected TPC-C rollback log observations retained. Cleanup here proves resource removal, not graceful database shutdown.","{""postgres_transaction_conflict"": 483}",0.0,,,,,,Completed,2026-09-15T23:36:40.846351+00:00,,,not_recorded,,
orioledb,beta17-pg17,single,yandex,ru-central1-a,tpcc/tx,"PostgreSQL 17.11 OrioleDB beta 17 PGTAG=patches17_21 alpine:3.21+clang build:2026-09-04T21:10:45+00:00 17.11 on x86_64-pc-linux-musl, compiled by Alpine clang version 19.1.4, 64-bit",2026-09-15T13:39:59.634739422Z,2026-09-15T13:40:26.607963168Z,native-otlp-20s-2vus,passed,passed,pending,pending,pending,passed,not_applicable,pending,passed,passed,not_applicable,passed,passed,passed,pending,passed,matrix-oriole-0d49e1e2-managed-orioledb-single-pg17,4048.0,suite-orioledb.json,catalog-functional-check.json,2026-09-15T13:44:12.665682+00:00,"segment=tpcc-tx; Native workload, durable telemetry and downloaded artifacts verified; actual Oriole table method and UTF8 checked by SQL on every member. Transaction conflict and expected TPC-C rollback log observations retained. Cleanup here proves resource removal, not graceful database shutdown.","{""postgres_transaction_conflict"": 483}",674.0,,,,,,Completed,2026-09-15T23:36:40.846351+00:00,,,not_recorded,,
orioledb,beta17-pg17,single,yandex,ru-central1-a,tpcc/procs,"PostgreSQL 17.11 OrioleDB beta 17 PGTAG=patches17_21 alpine:3.21+clang build:2026-09-04T21:10:45+00:00 17.11 on x86_64-pc-linux-musl, compiled by Alpine clang version 19.1.4, 64-bit",2026-09-15T13:40:26.828179091Z,2026-09-15T13:40:53.019920421Z,native-otlp-20s-2vus,passed,passed,pending,pending,pending,passed,not_applicable,pending,passed,passed,not_applicable,passed,passed,passed,pending,passed,matrix-oriole-0d49e1e2-managed-orioledb-single-pg17,8021.0,suite-orioledb.json,catalog-functional-check.json,2026-09-15T13:44:12.665682+00:00,"segment=tpcc-procs; Native workload, durable telemetry and downloaded artifacts verified; actual Oriole table method and UTF8 checked by SQL on every member. Transaction conflict and expected TPC-C rollback log observations retained. Cleanup here proves resource removal, not graceful database shutdown.","{""postgres_transaction_conflict"": 483}",1733.0,,,,,,Completed,2026-09-15T23:36:40.846351+00:00,,,not_recorded,,
orioledb,beta17-pg17,primary-replica,yandex,ru-central1-a,tpcb/tx,"PostgreSQL 17.11 OrioleDB beta 17 PGTAG=patches17_21 alpine:3.21+clang build:2026-09-04T21:10:45+00:00 17.11 on x86_64-pc-linux-musl, compiled by Alpine clang version 19.1.4, 64-bit",2026-09-15T14:06:02.243246283Z,2026-09-15T14:06:23.939799329Z,native-otlp-20s-2vus,passed,passed,pending,pending,pending,passed,not_applicable,pending,passed,passed,passed,passed,passed,passed,pending,passed,matrix-oriole-retry-86dd0e6a-orioledb-primary-replica-pg17,6780.0,suite-orioledb-retry.json,catalog-functional-check.json,2026-09-15T14:14:45.681673+00:00,"segment=tpcb-tx; Native workload, durable telemetry and downloaded artifacts verified; actual Oriole table method and UTF8 checked by SQL on every member. Transaction conflict and expected TPC-C rollback log observations retained. Cleanup here proves resource removal, not graceful database shutdown.","{""postgres_transaction_conflict"": 393}",0.0,,,,,,Completed,2026-09-15T23:36:40.846351+00:00,,,not_recorded,,
orioledb,beta17-pg17,primary-replica,yandex,ru-central1-a,tpcb/procs,"PostgreSQL 17.11 OrioleDB beta 17 PGTAG=patches17_21 alpine:3.21+clang build:2026-09-04T21:10:45+00:00 17.11 on x86_64-pc-linux-musl, compiled by Alpine clang version 19.1.4, 64-bit",2026-09-15T14:06:24.134977045Z,2026-09-15T14:06:46.175430206Z,native-otlp-20s-2vus,passed,passed,pending,pending,pending,passed,not_applicable,pending,passed,passed,passed,passed,passed,passed,pending,passed,matrix-oriole-retry-86dd0e6a-orioledb-primary-replica-pg17,11655.0,suite-orioledb-retry.json,catalog-functional-check.json,2026-09-15T14:14:45.681673+00:00,"segment=tpcb-procs; Native workload, durable telemetry and downloaded artifacts verified; actual Oriole table method and UTF8 checked by SQL on every member. Transaction conflict and expected TPC-C rollback log observations retained. Cleanup here proves resource removal, not graceful database shutdown.","{""postgres_transaction_conflict"": 393}",0.0,,,,,,Completed,2026-09-15T23:36:40.846351+00:00,,,not_recorded,,
orioledb,beta17-pg17,primary-replica,yandex,ru-central1-a,tpcc/tx,"PostgreSQL 17.11 OrioleDB beta 17 PGTAG=patches17_21 alpine:3.21+clang build:2026-09-04T21:10:45+00:00 17.11 on x86_64-pc-linux-musl, compiled by Alpine clang version 19.1.4, 64-bit",2026-09-15T14:06:46.374801862Z,2026-09-15T14:07:11.752575344Z,native-otlp-20s-2vus,passed,passed,pending,pending,pending,passed,not_applicable,pending,passed,passed,passed,passed,passed,passed,pending,passed,matrix-oriole-retry-86dd0e6a-orioledb-primary-replica-pg17,2862.0,suite-orioledb-retry.json,catalog-functional-check.json,2026-09-15T14:14:45.681673+00:00,"segment=tpcc-tx; Native workload, durable telemetry and downloaded artifacts verified; actual Oriole table method and UTF8 checked by SQL on every member. Transaction conflict and expected TPC-C rollback log observations retained. Cleanup here proves resource removal, not graceful database shutdown.","{""postgres_transaction_conflict"": 393}",406.0,,,,,,Completed,2026-09-15T23:36:40.846351+00:00,,,not_recorded,,
orioledb,beta17-pg17,primary-replica,yandex,ru-central1-a,tpcc/procs,"PostgreSQL 17.11 OrioleDB beta 17 PGTAG=patches17_21 alpine:3.21+clang build:2026-09-04T21:10:45+00:00 17.11 on x86_64-pc-linux-musl, compiled by Alpine clang version 19.1.4, 64-bit",2026-09-15T14:07:11.967622871Z,2026-09-15T14:07:37.491465876Z,native-otlp-20s-2vus,passed,passed,pending,pending,pending,passed,not_applicable,pending,passed,passed,passed,passed,passed,passed,pending,passed,matrix-oriole-retry-86dd0e6a-orioledb-primary-replica-pg17,6728.0,suite-orioledb-retry.json,catalog-functional-check.json,2026-09-15T14:14:45.681673+00:00,"segment=tpcc-procs; Native workload, durable telemetry and downloaded artifacts verified; actual Oriole table method and UTF8 checked by SQL on every member. Transaction conflict and expected TPC-C rollback log observations retained. Cleanup here proves resource removal, not graceful database shutdown.","{""postgres_transaction_conflict"": 393}",1438.0,,,,,,Completed,2026-09-15T23:36:40.846351+00:00,,,not_recorded,,
orioledb,beta17-pg16,single,yandex,ru-central1-a,tpcb/tx,"PostgreSQL 16.15 OrioleDB beta 17 PGTAG=patches16_48 alpine:3.21+clang build:2026-09-04T21:11:02+00:00 16.15 on x86_64-pc-linux-musl, compiled by Alpine clang version 19.1.4, 64-bit",2026-09-15T14:05:49.051250578Z,2026-09-15T14:06:11.363529731Z,native-otlp-20s-2vus,passed,passed,pending,pending,pending,passed,not_applicable,pending,passed,passed,not_applicable,passed,passed,passed,pending,passed,matrix-oriole-retry-86dd0e6a-orioledb-single-pg16,9215.0,suite-orioledb-retry.json,catalog-functional-check.json,2026-09-15T14:10:58.931025+00:00,"segment=tpcb-tx; Native workload, durable telemetry and downloaded artifacts verified; actual Oriole table method and UTF8 checked by SQL on every member. Transaction conflict and expected TPC-C rollback log observations retained. Cleanup here proves resource removal, not graceful database shutdown.","{""postgres_transaction_conflict"": 414}",0.0,,,,,,Completed,2026-09-15T23:36:40.846351+00:00,,,not_recorded,,
orioledb,beta17-pg16,single,yandex,ru-central1-a,tpcb/procs,"PostgreSQL 16.15 OrioleDB beta 17 PGTAG=patches16_48 alpine:3.21+clang build:2026-09-04T21:11:02+00:00 16.15 on x86_64-pc-linux-musl, compiled by Alpine clang version 19.1.4, 64-bit",2026-09-15T14:06:11.548711375Z,2026-09-15T14:06:33.507300204Z,native-otlp-20s-2vus,passed,passed,pending,pending,pending,passed,not_applicable,pending,passed,passed,not_applicable,passed,passed,passed,pending,passed,matrix-oriole-retry-86dd0e6a-orioledb-single-pg16,11840.0,suite-orioledb-retry.json,catalog-functional-check.json,2026-09-15T14:10:58.931025+00:00,"segment=tpcb-procs; Native workload, durable telemetry and downloaded artifacts verified; actual Oriole table method and UTF8 checked by SQL on every member. Transaction conflict and expected TPC-C rollback log observations retained. Cleanup here proves resource removal, not graceful database shutdown.","{""postgres_transaction_conflict"": 414}",0.0,,,,,,Completed,2026-09-15T23:36:40.846351+00:00,,,not_recorded,,
orioledb,beta17-pg16,single,yandex,ru-central1-a,tpcc/tx,"PostgreSQL 16.15 OrioleDB beta 17 PGTAG=patches16_48 alpine:3.21+clang build:2026-09-04T21:11:02+00:00 16.15 on x86_64-pc-linux-musl, compiled by Alpine clang version 19.1.4, 64-bit",2026-09-15T14:06:33.706365254Z,2026-09-15T14:06:59.264280203Z,native-otlp-20s-2vus,passed,passed,pending,pending,pending,passed,not_applicable,pending,passed,passed,not_applicable,passed,passed,passed,pending,passed,matrix-oriole-retry-86dd0e6a-orioledb-single-pg16,4153.0,suite-orioledb-retry.json,catalog-functional-check.json,2026-09-15T14:10:58.931025+00:00,"segment=tpcc-tx; Native workload, durable telemetry and downloaded artifacts verified; actual Oriole table method and UTF8 checked by SQL on every member. Transaction conflict and expected TPC-C rollback log observations retained. Cleanup here proves resource removal, not graceful database shutdown.","{""postgres_transaction_conflict"": 414}",722.0,,,,,,Completed,2026-09-15T23:36:40.846351+00:00,,,not_recorded,,
orioledb,beta17-pg16,single,yandex,ru-central1-a,tpcc/procs,"PostgreSQL 16.15 OrioleDB beta 17 PGTAG=patches16_48 alpine:3.21+clang build:2026-09-04T21:11:02+00:00 16.15 on x86_64-pc-linux-musl, compiled by Alpine clang version 19.1.4, 64-bit",2026-09-15T14:06:59.462032631Z,2026-09-15T14:07:25.608843265Z,native-otlp-20s-2vus,passed,passed,pending,pending,pending,passed,not_applicable,pending,passed,passed,not_applicable,passed,passed,passed,pending,passed,matrix-oriole-retry-86dd0e6a-orioledb-single-pg16,7403.0,suite-orioledb-retry.json,catalog-functional-check.json,2026-09-15T14:10:58.931025+00:00,"segment=tpcc-procs; Native workload, durable telemetry and downloaded artifacts verified; actual Oriole table method and UTF8 checked by SQL on every member. Transaction conflict and expected TPC-C rollback log observations retained. Cleanup here proves resource removal, not graceful database shutdown.","{""postgres_transaction_conflict"": 414}",1692.0,,,,,,Completed,2026-09-15T23:36:40.846351+00:00,,,not_recorded,,
orioledb,beta17-pg16,primary-replica,yandex,ru-central1-a,tpcb/tx,"PostgreSQL 16.15 OrioleDB beta 17 PGTAG=patches16_48 alpine:3.21+clang build:2026-09-04T21:11:02+00:00 16.15 on x86_64-pc-linux-musl, compiled by Alpine clang version 19.1.4, 64-bit",2026-09-15T14:17:21.88213312Z,2026-09-15T14:17:44.004785076Z,native-otlp-20s-2vus,passed,passed,pending,pending,pending,passed,not_applicable,pending,passed,passed,passed,passed,passed,passed,pending,passed,matrix-oriole-retry-86dd0e6a-orioledb-primary-replica-pg16,7359.0,suite-orioledb-retry.json,catalog-functional-check.json,2026-09-15T14:29:59.274752+00:00,"segment=tpcb-tx; Native workload, durable telemetry and downloaded artifacts verified; actual Oriole table method and UTF8 checked by SQL on every member. Transaction conflict and expected TPC-C rollback log observations retained. Cleanup here proves resource removal, not graceful database shutdown.","{""postgres_transaction_conflict"": 416}",0.0,,,,,,Completed,2026-09-15T23:36:40.846351+00:00,,,not_recorded,,
orioledb,beta17-pg16,primary-replica,yandex,ru-central1-a,tpcb/procs,"PostgreSQL 16.15 OrioleDB beta 17 PGTAG=patches16_48 alpine:3.21+clang build:2026-09-04T21:11:02+00:00 16.15 on x86_64-pc-linux-musl, compiled by Alpine clang version 19.1.4, 64-bit",2026-09-15T14:17:44.230954206Z,2026-09-15T14:18:06.185069656Z,native-otlp-20s-2vus,passed,passed,pending,pending,pending,passed,not_applicable,pending,passed,passed,passed,passed,passed,passed,pending,passed,matrix-oriole-retry-86dd0e6a-orioledb-primary-replica-pg16,12335.0,suite-orioledb-retry.json,catalog-functional-check.json,2026-09-15T14:29:59.274752+00:00,"segment=tpcb-procs; Native workload, durable telemetry and downloaded artifacts verified; actual Oriole table method and UTF8 checked by SQL on every member. Transaction conflict and expected TPC-C rollback log observations retained. Cleanup here proves resource removal, not graceful database shutdown.","{""postgres_transaction_conflict"": 416}",0.0,,,,,,Completed,2026-09-15T23:36:40.846351+00:00,,,not_recorded,,
orioledb,beta17-pg16,primary-replica,yandex,ru-central1-a,tpcc/tx,"PostgreSQL 16.15 OrioleDB beta 17 PGTAG=patches16_48 alpine:3.21+clang build:2026-09-04T21:11:02+00:00 16.15 on x86_64-pc-linux-musl, compiled by Alpine clang version 19.1.4, 64-bit",2026-09-15T14:18:06.406321431Z,2026-09-15T14:18:32.610797851Z,native-otlp-20s-2vus,passed,passed,pending,pending,pending,passed,not_applicable,pending,passed,passed,passed,passed,passed,passed,pending,passed,matrix-oriole-retry-86dd0e6a-orioledb-primary-replica-pg16,2743.0,suite-orioledb-retry.json,catalog-functional-check.json,2026-09-15T14:29:59.274752+00:00,"segment=tpcc-tx; Native workload, durable telemetry and downloaded artifacts verified; actual Oriole table method and UTF8 checked by SQL on every member. Transaction conflict and expected TPC-C rollback log observations retained. Cleanup here proves resource removal, not graceful database shutdown.","{""postgres_transaction_conflict"": 416}",455.0,,,,,,Completed,2026-09-15T23:36:40.846351+00:00,,,not_recorded,,
orioledb,beta17-pg16,primary-replica,yandex,ru-central1-a,tpcc/procs,"PostgreSQL 16.15 OrioleDB beta 17 PGTAG=patches16_48 alpine:3.21+clang build:2026-09-04T21:11:02+00:00 16.15 on x86_64-pc-linux-musl, compiled by Alpine clang version 19.1.4, 64-bit",2026-09-15T14:18:32.834014017Z,2026-09-15T14:18:58.895639927Z,native-otlp-20s-2vus,passed,passed,pending,pending,pending,passed,not_applicable,pending,passed,passed,passed,passed,passed,passed,pending,passed,matrix-oriole-retry-86dd0e6a-orioledb-primary-replica-pg16,6826.0,suite-orioledb-retry.json,catalog-functional-check.json,2026-09-15T14:29:59.274752+00:00,"segment=tpcc-procs; Native workload, durable telemetry and downloaded artifacts verified; actual Oriole table method and UTF8 checked by SQL on every member. Transaction conflict and expected TPC-C rollback log observations retained. Cleanup here proves resource removal, not graceful database shutdown.","{""postgres_transaction_conflict"": 416}",1472.0,,,,,,Completed,2026-09-15T23:36:40.846351+00:00,,,not_recorded,,
picodata,25.3,single,yandex,ru-central1-a,simple,25.3.8,2026-09-15T16:09:28.926244163Z,2026-09-15T16:11:34.077348515Z,native-otlp-2m-2vus,passed,passed,pending,pending,pending,passed,not_applicable,pending,passed,passed,passed,passed,not_applicable,passed,pending,passed,matrix-picodata-metrics-85175d12-picodata-single-25.3,88849,suite-picodata-metrics.json,catalog-functional-check.json,2026-09-15T16:26:02.753503+00:00,segment=simple; All three native workloads and persistent telemetry verified. Picodata workloads are transactionless. Quiet initializer verified by container.ready signal; one owned probe EOF retained with exact-hash classification and reproduced/fixed separately.,"{""diagnostic_probe_abrupt_disconnect"": 1}",0,,,,,,Completed,2026-09-15T23:36:40.846351+00:00,,,not_recorded,,
picodata,25.3,single,yandex,ru-central1-a,tpcb/tx,25.3.8,2026-09-15T16:11:34.308302913Z,2026-09-15T16:11:58.646090253Z,native-otlp-20s-2vus,passed,passed,pending,pending,pending,passed,not_applicable,pending,passed,passed,passed,passed,passed,passed,pending,passed,matrix-picodata-metrics-85175d12-picodata-single-25.3,8446,suite-picodata-metrics.json,catalog-functional-check.json,2026-09-15T16:26:02.753503+00:00,segment=tpcb-tx; All three native workloads and persistent telemetry verified. Picodata workloads are transactionless. Quiet initializer verified by container.ready signal; one owned probe EOF retained with exact-hash classification and reproduced/fixed separately.,"{""diagnostic_probe_abrupt_disconnect"": 1}",0,,,,,,Completed,2026-09-15T23:36:40.846351+00:00,,,not_recorded,,
picodata,25.3,single,yandex,ru-central1-a,tpcc/tx,25.3.8,2026-09-15T16:11:58.85336236Z,2026-09-15T16:12:49.278564973Z,native-otlp-20s-2vus,passed,passed,pending,pending,pending,passed,not_applicable,pending,passed,passed,passed,passed,passed,passed,pending,passed,matrix-picodata-metrics-85175d12-picodata-single-25.3,1529,suite-picodata-metrics.json,catalog-functional-check.json,2026-09-15T16:26:02.753503+00:00,segment=tpcc-tx; All three native workloads and persistent telemetry verified. Picodata workloads are transactionless. Quiet initializer verified by container.ready signal; one owned probe EOF retained with exact-hash classification and reproduced/fixed separately.,"{""diagnostic_probe_abrupt_disconnect"": 1}",0,,,,,,Completed,2026-09-15T23:36:40.846351+00:00,,,not_recorded,,
picodata,26.1,single,yandex,ru-central1-a,simple,,2026-09-15T16:20:27.360150398Z,2026-09-15T16:22:35.704124802Z,native-otlp-2m-2vus,passed,passed,pending,pending,pending,passed,not_applicable,pending,passed,passed,passed,passed,not_applicable,passed,pending,passed,matrix-picodata-metrics-85175d12-picodata-single-26.1,213640.0,suite-picodata-metrics.json,catalog-functional-check.json,2026-09-15T16:42:03.773557+00:00,"segment=simple; Three transactionless native workloads, member SQL checks, persisted telemetry and downloaded artifacts passed. Component metric coverage currently covers scalars; database histograms require a Graphene collector fix. Quiet initializer verified by persisted readiness signal.","{""diagnostic_probe_abrupt_disconnect"": 1}",0.0,,,,,,Completed,2026-09-15T23:36:40.846351+00:00,,,not_recorded,,
picodata,26.1,single,yandex,ru-central1-a,tpcb/tx,,2026-09-15T16:22:35.933135789Z,2026-09-15T16:22:59.45586671Z,native-otlp-20s-2vus,passed,passed,pending,pending,pending,passed,not_applicable,pending,passed,passed,passed,passed,passed,passed,pending,passed,matrix-picodata-metrics-85175d12-picodata-single-26.1,18552.0,suite-picodata-metrics.json,catalog-functional-check.json,2026-09-15T16:42:03.773557+00:00,"segment=tpcb-tx; Three transactionless native workloads, member SQL checks, persisted telemetry and downloaded artifacts passed. Component metric coverage currently covers scalars; database histograms require a Graphene collector fix. Quiet initializer verified by persisted readiness signal.","{""diagnostic_probe_abrupt_disconnect"": 1}",0.0,,,,,,Completed,2026-09-15T23:36:40.846351+00:00,,,not_recorded,,
picodata,26.1,single,yandex,ru-central1-a,tpcc/tx,,2026-09-15T16:22:59.646044974Z,2026-09-15T16:23:37.184245022Z,native-otlp-20s-2vus,passed,passed,pending,pending,pending,passed,not_applicable,pending,passed,passed,passed,passed,passed,passed,pending,passed,matrix-picodata-metrics-85175d12-picodata-single-26.1,3256.0,suite-picodata-metrics.json,catalog-functional-check.json,2026-09-15T16:42:03.773557+00:00,"segment=tpcc-tx; Three transactionless native workloads, member SQL checks, persisted telemetry and downloaded artifacts passed. Component metric coverage currently covers scalars; database histograms require a Graphene collector fix. Quiet initializer verified by persisted readiness signal.","{""diagnostic_probe_abrupt_disconnect"": 1}",0.0,,,,,,Completed,2026-09-15T23:36:40.846351+00:00,,,not_recorded,,
picodata,26.2,single,yandex,ru-central1-a,simple,,2026-09-15T16:31:10.192585637Z,2026-09-15T16:33:15.693910265Z,native-otlp-2m-2vus,passed,passed,pending,pending,pending,passed,not_applicable,pending,passed,passed,passed,passed,not_applicable,passed,pending,passed,matrix-picodata-metrics-85175d12-picodata-single-26.2,210883.0,suite-picodata-metrics.json,catalog-functional-check.json,2026-09-15T16:37:29.951718+00:00,"segment=simple; Three transactionless native workloads, member SQL checks, persisted telemetry and downloaded artifacts passed. Component metric coverage currently covers scalars; database histograms require a Graphene collector fix. Quiet initializer verified by persisted readiness signal.",{},0.0,,,,,,Completed,2026-09-15T23:36:40.846351+00:00,,,not_recorded,,
picodata,26.2,single,yandex,ru-central1-a,tpcb/tx,,2026-09-15T16:33:15.915564812Z,2026-09-15T16:33:39.212876175Z,native-otlp-20s-2vus,passed,passed,pending,pending,pending,passed,not_applicable,pending,passed,passed,passed,passed,passed,passed,pending,passed,matrix-picodata-metrics-85175d12-picodata-single-26.2,17964.0,suite-picodata-metrics.json,catalog-functional-check.json,2026-09-15T16:37:29.951718+00:00,"segment=tpcb-tx; Three transactionless native workloads, member SQL checks, persisted telemetry and downloaded artifacts passed. Component metric coverage currently covers scalars; database histograms require a Graphene collector fix. Quiet initializer verified by persisted readiness signal.",{},0.0,,,,,,Completed,2026-09-15T23:36:40.846351+00:00,,,not_recorded,,
picodata,26.2,single,yandex,ru-central1-a,tpcc/tx,,2026-09-15T16:33:39.425661764Z,2026-09-15T16:34:16.964897339Z,native-otlp-20s-2vus,passed,passed,pending,pending,pending,passed,not_applicable,pending,passed,passed,passed,passed,passed,passed,pending,passed,matrix-picodata-metrics-85175d12-picodata-single-26.2,3101.0,suite-picodata-metrics.json,catalog-functional-check.json,2026-09-15T16:37:29.951718+00:00,"segment=tpcc-tx; Three transactionless native workloads, member SQL checks, persisted telemetry and downloaded artifacts passed. Component metric coverage currently covers scalars; database histograms require a Graphene collector fix. Quiet initializer verified by persisted readiness signal.",{},0.0,,,,,,Completed,2026-09-15T23:36:40.846351+00:00,,,not_recorded,,
picodata,25.3,three-node,yandex,ru-central1-a,simple,,2026-09-15T16:42:05.06638666Z,2026-09-15T16:44:11.623073043Z,native-otlp-2m-2vus,passed,passed,pending,pending,pending,passed,not_applicable,pending,passed,passed,passed,passed,not_applicable,passed,pending,passed,matrix-picodata-metrics-85175d12-picodata-three-node-25.3,91318.0,suite-picodata-metrics.json,catalog-functional-check.json,2026-09-15T17:02:40.416710+00:00,"segment=simple; Three transactionless native workloads and SQL membership on every member passed. Persisted telemetry, artifact downloads and removal of owned resources verified. Eleven pre-workload messages delivered later retained by exact hash; shutdown observations retained separately. DB histograms and graceful decommissioning remain unverified.","{""picodata_pre_workload_log_delivered_later"": 11}",0.0,,,,,,Completed,2026-09-15T23:36:40.846351+00:00,,,not_recorded,,
picodata,25.3,three-node,yandex,ru-central1-a,tpcb/tx,,2026-09-15T16:44:11.819449347Z,2026-09-15T16:44:35.966856315Z,native-otlp-20s-2vus,passed,passed,pending,pending,pending,passed,not_applicable,pending,passed,passed,passed,passed,passed,passed,pending,passed,matrix-picodata-metrics-85175d12-picodata-three-node-25.3,7995.0,suite-picodata-metrics.json,catalog-functional-check.json,2026-09-15T17:02:40.416710+00:00,"segment=tpcb-tx; Three transactionless native workloads and SQL membership on every member passed. Persisted telemetry, artifact downloads and removal of owned resources verified. Eleven pre-workload messages delivered later retained by exact hash; shutdown observations retained separately. DB histograms and graceful decommissioning remain unverified.","{""picodata_pre_workload_log_delivered_later"": 11}",0.0,,,,,,Completed,2026-09-15T23:36:40.846351+00:00,,,not_recorded,,
picodata,25.3,three-node,yandex,ru-central1-a,tpcc/tx,,2026-09-15T16:44:36.19657626Z,2026-09-15T16:45:21.163976937Z,native-otlp-20s-2vus,passed,passed,pending,pending,pending,passed,not_applicable,pending,passed,passed,passed,passed,passed,passed,pending,passed,matrix-picodata-metrics-85175d12-picodata-three-node-25.3,1613.0,suite-picodata-metrics.json,catalog-functional-check.json,2026-09-15T17:02:40.416710+00:00,"segment=tpcc-tx; Three transactionless native workloads and SQL membership on every member passed. Persisted telemetry, artifact downloads and removal of owned resources verified. Eleven pre-workload messages delivered later retained by exact hash; shutdown observations retained separately. DB histograms and graceful decommissioning remain unverified.","{""picodata_pre_workload_log_delivered_later"": 11}",0.0,,,,,,Completed,2026-09-15T23:36:40.846351+00:00,,,not_recorded,,
picodata,26.1,three-node,yandex,ru-central1-a,simple,,2026-09-15T16:57:07.877830781Z,2026-09-15T16:59:12.713757786Z,native-otlp-2m-2vus,passed,passed,pending,pending,pending,passed,not_applicable,pending,passed,passed,passed,passed,not_applicable,passed,pending,passed,matrix-picodata-metrics-85175d12-picodata-three-node-26.1,102543.0,suite-picodata-metrics.json,catalog-functional-check.json,2026-09-15T17:14:26.401954+00:00,"segment=simple; Three transactionless native workloads, all-member SQL checks, persisted scalar metrics/logs/traces, artifact downloads and cleanup passed. Six startup messages delivered after workload start retained by exact hash. Database histograms remain pending.","{""picodata_pre_workload_log_delivered_later"": 6}",0.0,,,,,,Completed,2026-09-15T23:36:40.846351+00:00,,,not_recorded,,
picodata,26.1,three-node,yandex,ru-central1-a,tpcb/tx,,2026-09-15T16:59:12.908092983Z,2026-09-15T16:59:36.436534746Z,native-otlp-20s-2vus,passed,passed,pending,pending,pending,passed,not_applicable,pending,passed,passed,passed,passed,passed,passed,pending,passed,matrix-picodata-metrics-85175d12-picodata-three-node-26.1,9682.0,suite-picodata-metrics.json,catalog-functional-check.json,2026-09-15T17:14:26.401954+00:00,"segment=tpcb-tx; Three transactionless native workloads, all-member SQL checks, persisted scalar metrics/logs/traces, artifact downloads and cleanup passed. Six startup messages delivered after workload start retained by exact hash. Database histograms remain pending.","{""picodata_pre_workload_log_delivered_later"": 6}",0.0,,,,,,Completed,2026-09-15T23:36:40.846351+00:00,,,not_recorded,,
picodata,26.1,three-node,yandex,ru-central1-a,tpcc/tx,,2026-09-15T16:59:36.624293762Z,2026-09-15T17:00:14.557136469Z,native-otlp-20s-2vus,passed,passed,pending,pending,pending,passed,not_applicable,pending,passed,passed,passed,passed,passed,passed,pending,passed,matrix-picodata-metrics-85175d12-picodata-three-node-26.1,1814.0,suite-picodata-metrics.json,catalog-functional-check.json,2026-09-15T17:14:26.401954+00:00,"segment=tpcc-tx; Three transactionless native workloads, all-member SQL checks, persisted scalar metrics/logs/traces, artifact downloads and cleanup passed. Six startup messages delivered after workload start retained by exact hash. Database histograms remain pending.","{""picodata_pre_workload_log_delivered_later"": 6}",0.0,,,,,,Completed,2026-09-15T23:36:40.846351+00:00,,,not_recorded,,
picodata,26.2,three-node,yandex,ru-central1-a,simple,,2026-09-15T17:13:03.295416761Z,2026-09-15T17:15:11.674700312Z,native-otlp-2m-2vus,passed,passed,pending,pending,pending,passed,not_applicable,pending,passed,passed,passed,passed,not_applicable,passed,pending,passed,matrix-picodata-metrics-85175d12-picodata-three-node-26.2,100730.0,suite-picodata-metrics.json,catalog-functional-check.json,2026-09-15T17:32:34.034719+00:00,"segment=simple; Three transactionless native workloads, all-member SQL checks, persisted scalar metrics/logs/traces, artifact downloads and cleanup passed. Six startup messages delivered after workload start retained by exact hash. Database histograms remain pending.","{""picodata_pre_workload_log_delivered_later"": 6}",0.0,,,,,,Completed,2026-09-15T23:36:40.846351+00:00,,,not_recorded,,
picodata,26.2,three-node,yandex,ru-central1-a,tpcb/tx,,2026-09-15T17:15:11.875858439Z,2026-09-15T17:15:35.991108964Z,native-otlp-20s-2vus,passed,passed,pending,pending,pending,passed,not_applicable,pending,passed,passed,passed,passed,passed,passed,pending,passed,matrix-picodata-metrics-85175d12-picodata-three-node-26.2,9962.0,suite-picodata-metrics.json,catalog-functional-check.json,2026-09-15T17:32:34.034719+00:00,"segment=tpcb-tx; Three transactionless native workloads, all-member SQL checks, persisted scalar metrics/logs/traces, artifact downloads and cleanup passed. Six startup messages delivered after workload start retained by exact hash. Database histograms remain pending.","{""picodata_pre_workload_log_delivered_later"": 6}",0.0,,,,,,Completed,2026-09-15T23:36:40.846351+00:00,,,not_recorded,,
picodata,26.2,three-node,yandex,ru-central1-a,tpcc/tx,,2026-09-15T17:15:36.19496372Z,2026-09-15T17:16:15.064046302Z,native-otlp-20s-2vus,passed,passed,pending,pending,pending,passed,not_applicable,pending,passed,passed,passed,passed,passed,passed,pending,passed,matrix-picodata-metrics-85175d12-picodata-three-node-26.2,2130.0,suite-picodata-metrics.json,catalog-functional-check.json,2026-09-15T17:32:34.034719+00:00,"segment=tpcc-tx; Three transactionless native workloads, all-member SQL checks, persisted scalar metrics/logs/traces, artifact downloads and cleanup passed. Six startup messages delivered after workload start retained by exact hash. Database histograms remain pending.","{""picodata_pre_workload_log_delivered_later"": 6}",0.0,,,,,,Completed,2026-09-15T23:36:40.846351+00:00,,,not_recorded,,
ydb_managed,managed,dedicated-medium,yandex,"ru-central1-a,ru-central1-b,ru-central1-d",simple,,2026-09-15T18:22:08.166104683Z,2026-09-15T18:24:13.654598417Z,native-otlp-2m-2vus,passed,passed,pending,pending,pending,passed,pending,pending,passed,passed,not_applicable,passed,not_applicable,passed,pending,passed,matrix-ydbpopulation-f4bd4b38-ydb-managed-dedicated-medium,4467.0,suite-ydb-populationretry.json,catalog-functional-check.json,2026-09-15T18:31:49.146766+00:00,"segment=simple; All configured native workloads completed without terminal errors. Persisted native OTLP, scalar component metrics, logs, traces, artifact downloads and removal of owned YC resources verified. Database histogram/summary export remains pending.",{},0.0,,,,,,Completed,2026-09-15T23:36:40.846351+00:00,,,not_recorded,,
ydb_managed,managed,dedicated-medium,yandex,"ru-central1-a,ru-central1-b,ru-central1-d",tpcb/tx,,2026-09-15T18:24:13.971818503Z,2026-09-15T18:24:37.971423028Z,native-otlp-20s-2vus,passed,passed,pending,pending,pending,passed,pending,pending,passed,passed,not_applicable,passed,passed,passed,pending,passed,matrix-ydbpopulation-f4bd4b38-ydb-managed-dedicated-medium,193.0,suite-ydb-populationretry.json,catalog-functional-check.json,2026-09-15T18:31:49.146766+00:00,"segment=tpcb-tx; All configured native workloads completed without terminal errors. Persisted native OTLP, scalar component metrics, logs, traces, artifact downloads and removal of owned YC resources verified. Database histogram/summary export remains pending.",{},31.0,,,,,,Completed,2026-09-15T23:36:40.846351+00:00,,,not_recorded,,
ydb_managed,managed,dedicated-medium,yandex,"ru-central1-a,ru-central1-b,ru-central1-d",tpcc/tx,,2026-09-15T18:24:38.190621166Z,2026-09-15T18:25:13.767438858Z,native-otlp-20s-2vus,passed,passed,pending,pending,pending,passed,pending,pending,passed,passed,not_applicable,passed,passed,passed,pending,passed,matrix-ydbpopulation-f4bd4b38-ydb-managed-dedicated-medium,79.0,suite-ydb-populationretry.json,catalog-functional-check.json,2026-09-15T18:31:49.146766+00:00,"segment=tpcc-tx; All configured native workloads completed without terminal errors. Persisted native OTLP, scalar component metrics, logs, traces, artifact downloads and removal of owned YC resources verified. Database histogram/summary export remains pending.",{},26.0,,,,,,Completed,2026-09-15T23:36:40.846351+00:00,,,not_recorded,,
ydb_managed,managed,serverless,yandex,ru-central1-a,simple,,2026-09-15T18:51:04.750552705Z,2026-09-15T18:53:06.53006982Z,native-otlp-2m-2vus,passed,passed,pending,pending,pending,passed,pending,pending,passed,passed,not_applicable,passed,not_applicable,passed,pending,passed,matrix-ydbready-cd74e12d-ydb-managed-serverless,3873.0,suite-ydb-queryready.json,catalog-functional-check.json,2026-09-15T18:57:38.465933+00:00,"segment=simple; All configured native workloads completed without terminal errors. Persisted native OTLP, scalar component metrics, logs, traces, artifact downloads and removal of owned YC resources verified. Database histogram/summary export remains pending.",{},0.0,,,,,,Completed,2026-09-15T23:36:40.846351+00:00,,,not_recorded,,
ydb_managed,managed,serverless,yandex,ru-central1-a,tpcb/tx,,2026-09-15T18:53:06.791898015Z,2026-09-15T18:53:32.01817828Z,native-otlp-20s-2vus,passed,passed,pending,pending,pending,passed,pending,pending,passed,passed,not_applicable,passed,passed,passed,pending,passed,matrix-ydbready-cd74e12d-ydb-managed-serverless,34.0,suite-ydb-queryready.json,catalog-functional-check.json,2026-09-15T18:57:38.465933+00:00,"segment=tpcb-tx; All configured native workloads completed without terminal errors. Persisted native OTLP, scalar component metrics, logs, traces, artifact downloads and removal of owned YC resources verified. Database histogram/summary export remains pending.",{},35.0,,,,,,Completed,2026-09-15T23:36:40.846351+00:00,,,not_recorded,,
ydb_managed,managed,serverless,yandex,ru-central1-a,tpcc/tx,,2026-09-15T18:53:32.227693749Z,2026-09-15T18:55:24.115056705Z,native-otlp-20s-2vus,passed,passed,pending,pending,pending,passed,pending,pending,passed,passed,not_applicable,passed,passed,passed,pending,passed,matrix-ydbready-cd74e12d-ydb-managed-serverless,3.0,suite-ydb-queryready.json,catalog-functional-check.json,2026-09-15T18:57:38.465933+00:00,"segment=tpcc-tx; All configured native workloads completed without terminal errors. Persisted native OTLP, scalar component metrics, logs, traces, artifact downloads and removal of owned YC resources verified. Database histogram/summary export remains pending.",{},37.0,,,,,,Completed,2026-09-15T23:36:40.846351+00:00,,,not_recorded,,
noop,builtin,runner-only,yandex,ru-central1-d,execute/sql,,2026-09-15T19:14:08.950884013Z,2026-09-15T19:16:13.969046749Z,native-otlp-2m0s-2vus,passed,passed,pending,pending,pending,passed,not_applicable,not_applicable,passed,passed,not_applicable,passed,not_applicable,passed,pending,passed,matrix-aux-30be9f55-noop-runner-only,36213697.0,suite-auxiliary.json,catalog-functional-check.json,2026-09-15T19:17:48.891010+00:00,"segment=execute-sql; Native execute_sql throughput and zero terminal errors verified; no logical transactions, TPS, population phase or database replication. Persisted runner/node metrics, logs, traces, artifact downloads and YC cleanup verified.",{},0.0,,,,,,Completed,2026-09-15T23:36:40.846351+00:00,,,not_recorded,,
pg_noop,0.1.2,single,yandex,ru-central1-d,execute/sql,,2026-09-15T19:39:16.606319712Z,2026-09-15T19:41:21.252898436Z,native-otlp-2m0s-2vus,passed,passed,pending,pending,pending,passed,not_applicable,not_applicable,passed,passed,not_applicable,passed,not_applicable,passed,pending,passed,matrix-pgnoop-f4eb20b2-pg-noop-single,906537.0,suite-pg-noop-autoretry.json,catalog-functional-check.json,2026-09-15T19:45:40.283067+00:00,"segment=execute-sql; Native execute_sql throughput and zero terminal errors verified; no logical transactions, TPS, population phase or database replication. Persisted runner/node metrics, logs, traces, artifact downloads and YC cleanup verified.",{},0.0,,,,,,Completed,2026-09-15T23:36:40.846351+00:00,,,not_recorded,,
cockroach,24.1,single,yandex,ru-central1-a,simple,v24.1.33,2026-09-15T17:38:02.760055482Z,2026-09-15T17:40:08.313099232Z,native-otlp-2m-2vus,passed,passed,pending,pending,pending,passed,not_applicable,pending,passed,passed,passed,passed,not_applicable,passed,pending,passed,matrix-cockroach-74ee56ed-cockroach-single-24.1,84670.0,suite-cockroach-matrix.json,catalog-functional-check.json,2026-09-15T17:46:42.638540+00:00,"segment=simple; All configured native workloads completed without terminal errors. Persisted native OTLP, scalar component metrics, logs, traces, artifact downloads and removal of owned YC resources verified. Database histogram/summary export remains pending.",{},0.0,,,,,,Completed,2026-09-15T23:36:40.846351+00:00,,,not_recorded,,
cockroach,24.1,single,yandex,ru-central1-a,tpcb/tx,v24.1.33,2026-09-15T17:40:08.512758399Z,2026-09-15T17:40:40.718351865Z,native-otlp-20s-2vus,passed,passed,pending,pending,pending,passed,not_applicable,pending,passed,passed,passed,passed,passed,passed,pending,passed,matrix-cockroach-74ee56ed-cockroach-single-24.1,615.0,suite-cockroach-matrix.json,catalog-functional-check.json,2026-09-15T17:46:42.638540+00:00,"segment=tpcb-tx; All configured native workloads completed without terminal errors. Persisted native OTLP, scalar component metrics, logs, traces, artifact downloads and removal of owned YC resources verified. Database histogram/summary export remains pending.",{},0.0,,,,,,Completed,2026-09-15T23:36:40.846351+00:00,,,not_recorded,,
cockroach,24.1,single,yandex,ru-central1-a,tpcb/procs,v24.1.33,2026-09-15T17:40:40.907893414Z,2026-09-15T17:41:17.512821284Z,native-otlp-20s-2vus,passed,passed,pending,pending,pending,passed,not_applicable,pending,passed,passed,passed,passed,passed,passed,pending,passed,matrix-cockroach-74ee56ed-cockroach-single-24.1,561.0,suite-cockroach-matrix.json,catalog-functional-check.json,2026-09-15T17:46:42.638540+00:00,"segment=tpcb-procs; All configured native workloads completed without terminal errors. Persisted native OTLP, scalar component metrics, logs, traces, artifact downloads and removal of owned YC resources verified. Database histogram/summary export remains pending.",{},0.0,,,,,,Completed,2026-09-15T23:36:40.846351+00:00,,,not_recorded,,
cockroach,24.1,single,yandex,ru-central1-a,tpcc/tx,v24.1.33,2026-09-15T17:41:17.718134519Z,2026-09-15T17:42:11.810584107Z,native-otlp-20s-2vus,passed,passed,pending,pending,pending,passed,not_applicable,pending,passed,passed,passed,passed,passed,passed,pending,passed,matrix-cockroach-74ee56ed-cockroach-single-24.1,1209.0,suite-cockroach-matrix.json,catalog-functional-check.json,2026-09-15T17:46:42.638540+00:00,"segment=tpcc-tx; All configured native workloads completed without terminal errors. Persisted native OTLP, scalar component metrics, logs, traces, artifact downloads and removal of owned YC resources verified. Database histogram/summary export remains pending.",{},0.0,,,,,,Completed,2026-09-15T23:36:40.846351+00:00,,,not_recorded,,
cockroach,24.1,single,yandex,ru-central1-a,tpcc/procs,v24.1.33,2026-09-15T17:42:12.009360371Z,2026-09-15T17:43:06.494644056Z,native-otlp-20s-2vus,passed,passed,pending,pending,pending,passed,not_applicable,pending,passed,passed,passed,passed,passed,passed,pending,passed,matrix-cockroach-74ee56ed-cockroach-single-24.1,601.0,suite-cockroach-matrix.json,catalog-functional-check.json,2026-09-15T17:46:42.638540+00:00,"segment=tpcc-procs; All configured native workloads completed without terminal errors. Persisted native OTLP, scalar component metrics, logs, traces, artifact downloads and removal of owned YC resources verified. Database histogram/summary export remains pending.",{},0.0,,,,,,Completed,2026-09-15T23:36:40.846351+00:00,,,not_recorded,,
cockroach,24.3,single,yandex,ru-central1-a,simple,v24.3.36,2026-09-15T17:51:21.119211324Z,2026-09-15T17:53:25.989053678Z,native-otlp-2m-2vus,passed,passed,pending,pending,pending,passed,not_applicable,pending,passed,passed,passed,passed,not_applicable,passed,pending,passed,matrix-cockroach-74ee56ed-cockroach-single-24.3,79905.0,suite-cockroach-matrix.json,catalog-functional-check.json,2026-09-15T17:59:42.658958+00:00,"segment=simple; All configured native workloads completed without terminal errors. Persisted native OTLP, scalar component metrics, logs, traces, artifact downloads and removal of owned YC resources verified. Database histogram/summary export remains pending.",{},0.0,,,,,,Completed,2026-09-15T23:36:40.846351+00:00,,,not_recorded,,
cockroach,24.3,single,yandex,ru-central1-a,tpcb/tx,v24.3.36,2026-09-15T17:53:26.217298103Z,2026-09-15T17:53:59.938856734Z,native-otlp-20s-2vus,passed,passed,pending,pending,pending,passed,not_applicable,pending,passed,passed,passed,passed,passed,passed,pending,passed,matrix-cockroach-74ee56ed-cockroach-single-24.3,547.0,suite-cockroach-matrix.json,catalog-functional-check.json,2026-09-15T17:59:42.658958+00:00,"segment=tpcb-tx; All configured native workloads completed without terminal errors. Persisted native OTLP, scalar component metrics, logs, traces, artifact downloads and removal of owned YC resources verified. Database histogram/summary export remains pending.",{},0.0,,,,,,Completed,2026-09-15T23:36:40.846351+00:00,,,not_recorded,,
cockroach,24.3,single,yandex,ru-central1-a,tpcb/procs,v24.3.36,2026-09-15T17:54:00.161466032Z,2026-09-15T17:54:34.559852002Z,native-otlp-20s-2vus,passed,passed,pending,pending,pending,passed,not_applicable,pending,passed,passed,passed,passed,passed,passed,pending,passed,matrix-cockroach-74ee56ed-cockroach-single-24.3,520.0,suite-cockroach-matrix.json,catalog-functional-check.json,2026-09-15T17:59:42.658958+00:00,"segment=tpcb-procs; All configured native workloads completed without terminal errors. Persisted native OTLP, scalar component metrics, logs, traces, artifact downloads and removal of owned YC resources verified. Database histogram/summary export remains pending.",{},0.0,,,,,,Completed,2026-09-15T23:36:40.846351+00:00,,,not_recorded,,
cockroach,24.3,single,yandex,ru-central1-a,tpcc/tx,v24.3.36,2026-09-15T17:54:34.768734968Z,2026-09-15T17:55:31.076888089Z,native-otlp-20s-2vus,passed,passed,pending,pending,pending,passed,not_applicable,pending,passed,passed,passed,passed,passed,passed,pending,passed,matrix-cockroach-74ee56ed-cockroach-single-24.3,1096.0,suite-cockroach-matrix.json,catalog-functional-check.json,2026-09-15T17:59:42.658958+00:00,"segment=tpcc-tx; All configured native workloads completed without terminal errors. Persisted native OTLP, scalar component metrics, logs, traces, artifact downloads and removal of owned YC resources verified. Database histogram/summary export remains pending.",{},1.0,,,,,,Completed,2026-09-15T23:36:40.846351+00:00,,,not_recorded,,
cockroach,24.3,single,yandex,ru-central1-a,tpcc/procs,v24.3.36,2026-09-15T17:55:31.265936534Z,2026-09-15T17:56:24.908770507Z,native-otlp-20s-2vus,passed,passed,pending,pending,pending,passed,not_applicable,pending,passed,passed,passed,passed,passed,passed,pending,passed,matrix-cockroach-74ee56ed-cockroach-single-24.3,677.0,suite-cockroach-matrix.json,catalog-functional-check.json,2026-09-15T17:59:42.658958+00:00,"segment=tpcc-procs; All configured native workloads completed without terminal errors. Persisted native OTLP, scalar component metrics, logs, traces, artifact downloads and removal of owned YC resources verified. Database histogram/summary export remains pending.",{},0.0,,,,,,Completed,2026-09-15T23:36:40.846351+00:00,,,not_recorded,,
cockroach,25.2,single,yandex,ru-central1-a,simple,v25.2.23,2026-09-15T18:03:26.479853403Z,2026-09-15T18:05:32.567825488Z,native-otlp-2m-2vus,passed,passed,pending,pending,pending,passed,not_applicable,pending,passed,passed,passed,passed,not_applicable,passed,pending,passed,matrix-cockroach-74ee56ed-cockroach-single-25.2,97590.0,suite-cockroach-matrix.json,catalog-functional-check.json,2026-09-15T18:11:04.061398+00:00,"segment=simple; All configured native workloads completed without terminal errors. Persisted native OTLP, scalar component metrics, logs, traces, artifact downloads and removal of owned YC resources verified. Database histogram/summary export remains pending.",{},0.0,,,,,,Completed,2026-09-15T23:36:40.846351+00:00,,,not_recorded,,
cockroach,25.2,single,yandex,ru-central1-a,tpcb/tx,v25.2.23,2026-09-15T18:05:32.77196263Z,2026-09-15T18:06:04.943389067Z,native-otlp-20s-2vus,passed,passed,pending,pending,pending,passed,not_applicable,pending,passed,passed,passed,passed,passed,passed,pending,passed,matrix-cockroach-74ee56ed-cockroach-single-25.2,670.0,suite-cockroach-matrix.json,catalog-functional-check.json,2026-09-15T18:11:04.061398+00:00,"segment=tpcb-tx; All configured native workloads completed without terminal errors. Persisted native OTLP, scalar component metrics, logs, traces, artifact downloads and removal of owned YC resources verified. Database histogram/summary export remains pending.",{},0.0,,,,,,Completed,2026-09-15T23:36:40.846351+00:00,,,not_recorded,,
cockroach,25.2,single,yandex,ru-central1-a,tpcb/procs,v25.2.23,2026-09-15T18:06:05.142329443Z,2026-09-15T18:06:37.007508582Z,native-otlp-20s-2vus,passed,passed,pending,pending,pending,passed,not_applicable,pending,passed,passed,passed,passed,passed,passed,pending,passed,matrix-cockroach-74ee56ed-cockroach-single-25.2,1260.0,suite-cockroach-matrix.json,catalog-functional-check.json,2026-09-15T18:11:04.061398+00:00,"segment=tpcb-procs; All configured native workloads completed without terminal errors. Persisted native OTLP, scalar component metrics, logs, traces, artifact downloads and removal of owned YC resources verified. Database histogram/summary export remains pending.",{},0.0,,,,,,Completed,2026-09-15T23:36:40.846351+00:00,,,not_recorded,,
cockroach,25.2,single,yandex,ru-central1-a,tpcc/tx,v25.2.23,2026-09-15T18:06:37.187413052Z,2026-09-15T18:07:29.853722136Z,native-otlp-20s-2vus,passed,passed,pending,pending,pending,passed,not_applicable,pending,passed,passed,passed,passed,passed,passed,pending,passed,matrix-cockroach-74ee56ed-cockroach-single-25.2,1484.0,suite-cockroach-matrix.json,catalog-functional-check.json,2026-09-15T18:11:04.061398+00:00,"segment=tpcc-tx; All configured native workloads completed without terminal errors. Persisted native OTLP, scalar component metrics, logs, traces, artifact downloads and removal of owned YC resources verified. Database histogram/summary export remains pending.",{},2.0,,,,,,Completed,2026-09-15T23:36:40.846351+00:00,,,not_recorded,,
cockroach,25.2,single,yandex,ru-central1-a,tpcc/procs,v25.2.23,2026-09-15T18:07:30.062071115Z,2026-09-15T18:08:17.399301676Z,native-otlp-20s-2vus,passed,passed,pending,pending,pending,passed,not_applicable,pending,passed,passed,passed,passed,passed,passed,pending,passed,matrix-cockroach-74ee56ed-cockroach-single-25.2,918.0,suite-cockroach-matrix.json,catalog-functional-check.json,2026-09-15T18:11:04.061398+00:00,"segment=tpcc-procs; All configured native workloads completed without terminal errors. Persisted native OTLP, scalar component metrics, logs, traces, artifact downloads and removal of owned YC resources verified. Database histogram/summary export remains pending.",{},0.0,,,,,,Completed,2026-09-15T23:36:40.846351+00:00,,,not_recorded,,
cockroach,25.4,single,yandex,ru-central1-a,simple,v25.4.16,2026-09-15T18:15:29.616401403Z,2026-09-15T18:17:34.4774618Z,native-otlp-2m-2vus,passed,passed,pending,pending,pending,passed,not_applicable,pending,passed,passed,passed,passed,not_applicable,passed,pending,passed,matrix-cockroach-74ee56ed-cockroach-single-25.4,93987.0,suite-cockroach-matrix.json,catalog-functional-check.json,2026-09-15T18:24:12.734170+00:00,"segment=simple; All configured native workloads completed without terminal errors. Persisted native OTLP, scalar component metrics, logs, traces, artifact downloads and removal of owned YC resources verified. Database histogram/summary export remains pending.",{},0.0,,,,,,Completed,2026-09-15T23:36:40.846351+00:00,,,not_recorded,,
cockroach,25.4,single,yandex,ru-central1-a,tpcb/tx,v25.4.16,2026-09-15T18:17:34.704061626Z,2026-09-15T18:18:06.52857979Z,native-otlp-20s-2vus,passed,passed,pending,pending,pending,passed,not_applicable,pending,passed,passed,passed,passed,passed,passed,pending,passed,matrix-cockroach-74ee56ed-cockroach-single-25.4,599.0,suite-cockroach-matrix.json,catalog-functional-check.json,2026-09-15T18:24:12.734170+00:00,"segment=tpcb-tx; All configured native workloads completed without terminal errors. Persisted native OTLP, scalar component metrics, logs, traces, artifact downloads and removal of owned YC resources verified. Database histogram/summary export remains pending.",{},0.0,,,,,,Completed,2026-09-15T23:36:40.846351+00:00,,,not_recorded,,
cockroach,25.4,single,yandex,ru-central1-a,tpcb/procs,v25.4.16,2026-09-15T18:18:06.730268322Z,2026-09-15T18:18:41.184657662Z,native-otlp-20s-2vus,passed,passed,pending,pending,pending,passed,not_applicable,pending,passed,passed,passed,passed,passed,passed,pending,passed,matrix-cockroach-74ee56ed-cockroach-single-25.4,941.0,suite-cockroach-matrix.json,catalog-functional-check.json,2026-09-15T18:24:12.734170+00:00,"segment=tpcb-procs; All configured native workloads completed without terminal errors. Persisted native OTLP, scalar component metrics, logs, traces, artifact downloads and removal of owned YC resources verified. Database histogram/summary export remains pending.",{},0.0,,,,,,Completed,2026-09-15T23:36:40.846351+00:00,,,not_recorded,,
cockroach,25.4,single,yandex,ru-central1-a,tpcc/tx,v25.4.16,2026-09-15T18:18:41.385743391Z,2026-09-15T18:19:37.360519614Z,native-otlp-20s-2vus,passed,passed,pending,pending,pending,passed,not_applicable,pending,passed,passed,passed,passed,passed,passed,pending,passed,matrix-cockroach-74ee56ed-cockroach-single-25.4,1459.0,suite-cockroach-matrix.json,catalog-functional-check.json,2026-09-15T18:24:12.734170+00:00,"segment=tpcc-tx; All configured native workloads completed without terminal errors. Persisted native OTLP, scalar component metrics, logs, traces, artifact downloads and removal of owned YC resources verified. Database histogram/summary export remains pending.",{},0.0,,,,,,Completed,2026-09-15T23:36:40.846351+00:00,,,not_recorded,,
cockroach,25.4,single,yandex,ru-central1-a,tpcc/procs,v25.4.16,2026-09-15T18:19:37.549637295Z,2026-09-15T18:20:30.251296667Z,native-otlp-20s-2vus,passed,passed,pending,pending,pending,passed,not_applicable,pending,passed,passed,passed,passed,passed,passed,pending,passed,matrix-cockroach-74ee56ed-cockroach-single-25.4,899.0,suite-cockroach-matrix.json,catalog-functional-check.json,2026-09-15T18:24:12.734170+00:00,"segment=tpcc-procs; All configured native workloads completed without terminal errors. Persisted native OTLP, scalar component metrics, logs, traces, artifact downloads and removal of owned YC resources verified. Database histogram/summary export remains pending.",{},0.0,,,,,,Completed,2026-09-15T23:36:40.846351+00:00,,,not_recorded,,
cockroach,26.2,single,yandex,ru-central1-a,simple,v26.2.6,2026-09-15T18:30:25.682768126Z,2026-09-15T18:32:33.901051596Z,native-otlp-2m-2vus,passed,passed,pending,pending,pending,passed,not_applicable,pending,passed,passed,passed,passed,not_applicable,passed,pending,passed,matrix-cockroach-74ee56ed-cockroach-single-26.2,112731.0,suite-cockroach-matrix.json,catalog-functional-check.json,2026-09-15T18:39:11.162423+00:00,"segment=simple; All configured native workloads completed without terminal errors. Persisted native OTLP, scalar component metrics, logs, traces, artifact downloads and removal of owned YC resources verified. Database histogram/summary export remains pending.",{},0.0,,,,,,Completed,2026-09-15T23:36:40.846351+00:00,,,not_recorded,,
cockroach,26.2,single,yandex,ru-central1-a,tpcb/tx,v26.2.6,2026-09-15T18:32:34.136343478Z,2026-09-15T18:33:08.802859253Z,native-otlp-20s-2vus,passed,passed,pending,pending,pending,passed,not_applicable,pending,passed,passed,passed,passed,passed,passed,pending,passed,matrix-cockroach-74ee56ed-cockroach-single-26.2,701.0,suite-cockroach-matrix.json,catalog-functional-check.json,2026-09-15T18:39:11.162423+00:00,"segment=tpcb-tx; All configured native workloads completed without terminal errors. Persisted native OTLP, scalar component metrics, logs, traces, artifact downloads and removal of owned YC resources verified. Database histogram/summary export remains pending.",{},0.0,,,,,,Completed,2026-09-15T23:36:40.846351+00:00,,,not_recorded,,
cockroach,26.2,single,yandex,ru-central1-a,tpcb/procs,v26.2.6,2026-09-15T18:33:08.998872937Z,2026-09-15T18:33:42.154293732Z,native-otlp-20s-2vus,passed,passed,pending,pending,pending,passed,not_applicable,pending,passed,passed,passed,passed,passed,passed,pending,passed,matrix-cockroach-74ee56ed-cockroach-single-26.2,995.0,suite-cockroach-matrix.json,catalog-functional-check.json,2026-09-15T18:39:11.162423+00:00,"segment=tpcb-procs; All configured native workloads completed without terminal errors. Persisted native OTLP, scalar component metrics, logs, traces, artifact downloads and removal of owned YC resources verified. Database histogram/summary export remains pending.",{},0.0,,,,,,Completed,2026-09-15T23:36:40.846351+00:00,,,not_recorded,,
cockroach,26.2,single,yandex,ru-central1-a,tpcc/tx,v26.2.6,2026-09-15T18:33:42.339458738Z,2026-09-15T18:34:42.471094408Z,native-otlp-20s-2vus,passed,passed,pending,pending,pending,passed,not_applicable,pending,passed,passed,passed,passed,passed,passed,pending,passed,matrix-cockroach-74ee56ed-cockroach-single-26.2,1982.0,suite-cockroach-matrix.json,catalog-functional-check.json,2026-09-15T18:39:11.162423+00:00,"segment=tpcc-tx; All configured native workloads completed without terminal errors. Persisted native OTLP, scalar component metrics, logs, traces, artifact downloads and removal of owned YC resources verified. Database histogram/summary export remains pending.",{},8.0,,,,,,Completed,2026-09-15T23:36:40.846351+00:00,,,not_recorded,,
cockroach,26.2,single,yandex,ru-central1-a,tpcc/procs,v26.2.6,2026-09-15T18:34:42.673414625Z,2026-09-15T18:35:35.614928585Z,native-otlp-20s-2vus,passed,passed,pending,pending,pending,passed,not_applicable,pending,passed,passed,passed,passed,passed,passed,pending,passed,matrix-cockroach-74ee56ed-cockroach-single-26.2,1061.0,suite-cockroach-matrix.json,catalog-functional-check.json,2026-09-15T18:39:11.162423+00:00,"segment=tpcc-procs; All configured native workloads completed without terminal errors. Persisted native OTLP, scalar component metrics, logs, traces, artifact downloads and removal of owned YC resources verified. Database histogram/summary export remains pending.",{},0.0,,,,,,Completed,2026-09-15T23:36:40.846351+00:00,,,not_recorded,,
cockroach,26.3,single,yandex,ru-central1-a,simple,v26.3.1,2026-09-15T18:44:07.55854485Z,2026-09-15T18:46:12.010274926Z,native-otlp-2m-2vus,passed,passed,pending,pending,pending,passed,not_applicable,pending,passed,passed,passed,passed,not_applicable,passed,pending,passed,matrix-cockroach-74ee56ed-cockroach-single-26.3,97037.0,suite-cockroach-matrix.json,catalog-functional-check.json,2026-09-15T18:53:25.354762+00:00,"segment=simple; All configured native workloads completed without terminal errors. Persisted native OTLP, scalar component metrics, logs, traces, artifact downloads and removal of owned YC resources verified. Database histogram/summary export remains pending.",{},0.0,,,,,,Completed,2026-09-15T23:36:40.846351+00:00,,,not_recorded,,
cockroach,26.3,single,yandex,ru-central1-a,tpcb/tx,v26.3.1,2026-09-15T18:46:12.198304734Z,2026-09-15T18:46:49.426289196Z,native-otlp-20s-2vus,passed,passed,pending,pending,pending,passed,not_applicable,pending,passed,passed,passed,passed,passed,passed,pending,passed,matrix-cockroach-74ee56ed-cockroach-single-26.3,906.0,suite-cockroach-matrix.json,catalog-functional-check.json,2026-09-15T18:53:25.354762+00:00,"segment=tpcb-tx; All configured native workloads completed without terminal errors. Persisted native OTLP, scalar component metrics, logs, traces, artifact downloads and removal of owned YC resources verified. Database histogram/summary export remains pending.",{},0.0,,,,,,Completed,2026-09-15T23:36:40.846351+00:00,,,not_recorded,,
cockroach,26.3,single,yandex,ru-central1-a,tpcb/procs,v26.3.1,2026-09-15T18:46:49.615315158Z,2026-09-15T18:47:25.744500032Z,native-otlp-20s-2vus,passed,passed,pending,pending,pending,passed,not_applicable,pending,passed,passed,passed,passed,passed,passed,pending,passed,matrix-cockroach-74ee56ed-cockroach-single-26.3,1322.0,suite-cockroach-matrix.json,catalog-functional-check.json,2026-09-15T18:53:25.354762+00:00,"segment=tpcb-procs; All configured native workloads completed without terminal errors. Persisted native OTLP, scalar component metrics, logs, traces, artifact downloads and removal of owned YC resources verified. Database histogram/summary export remains pending.",{},0.0,,,,,,Completed,2026-09-15T23:36:40.846351+00:00,,,not_recorded,,
cockroach,26.3,single,yandex,ru-central1-a,tpcc/tx,v26.3.1,2026-09-15T18:47:25.948356237Z,2026-09-15T18:48:32.85340711Z,native-otlp-20s-2vus,passed,passed,pending,pending,pending,passed,not_applicable,pending,passed,passed,passed,passed,passed,passed,pending,passed,matrix-cockroach-74ee56ed-cockroach-single-26.3,2003.0,suite-cockroach-matrix.json,catalog-functional-check.json,2026-09-15T18:53:25.354762+00:00,"segment=tpcc-tx; All configured native workloads completed without terminal errors. Persisted native OTLP, scalar component metrics, logs, traces, artifact downloads and removal of owned YC resources verified. Database histogram/summary export remains pending.",{},2.0,,,,,,Completed,2026-09-15T23:36:40.846351+00:00,,,not_recorded,,
cockroach,26.3,single,yandex,ru-central1-a,tpcc/procs,v26.3.1,2026-09-15T18:48:33.07467495Z,2026-09-15T18:49:30.215743675Z,native-otlp-20s-2vus,passed,passed,pending,pending,pending,passed,not_applicable,pending,passed,passed,passed,passed,passed,passed,pending,passed,matrix-cockroach-74ee56ed-cockroach-single-26.3,1333.0,suite-cockroach-matrix.json,catalog-functional-check.json,2026-09-15T18:53:25.354762+00:00,"segment=tpcc-procs; All configured native workloads completed without terminal errors. Persisted native OTLP, scalar component metrics, logs, traces, artifact downloads and removal of owned YC resources verified. Database histogram/summary export remains pending.",{},1.0,,,,,,Completed,2026-09-15T23:36:40.846351+00:00,,,not_recorded,,
cockroach,24.1,three-node,yandex,ru-central1-a,simple,v24.1.33,2026-09-15T18:58:12.023868609Z,2026-09-15T19:00:19.70301489Z,native-otlp-2m-2vus,passed,passed,pending,pending,pending,passed,not_applicable,pending,passed,passed,passed,passed,not_applicable,passed,pending,passed,matrix-cockroach-74ee56ed-cockroach-three-node-24.1,45974.0,suite-cockroach-matrix.json,catalog-functional-check.json,2026-09-15T19:25:32.778325+00:00,"segment=simple; All configured native workloads completed without terminal errors. Persisted native OTLP, scalar component metrics, logs, traces, artifact downloads and removal of owned YC resources verified. Database histogram/summary export remains pending.","{""cockroach_queue_owned_lease_elsewhere"": 35, ""pebble_concurrent_compaction_retry"": 1}",0.0,,,,,,Completed,2026-09-15T23:36:40.846351+00:00,,,not_recorded,,
cockroach,24.1,three-node,yandex,ru-central1-a,tpcb/tx,v24.1.33,2026-09-15T19:00:19.892285243Z,2026-09-15T19:00:56.343796161Z,native-otlp-20s-2vus,passed,passed,pending,pending,pending,passed,not_applicable,pending,passed,passed,passed,passed,passed,passed,pending,passed,matrix-cockroach-74ee56ed-cockroach-three-node-24.1,382.0,suite-cockroach-matrix.json,catalog-functional-check.json,2026-09-15T19:25:32.778325+00:00,"segment=tpcb-tx; All configured native workloads completed without terminal errors. Persisted native OTLP, scalar component metrics, logs, traces, artifact downloads and removal of owned YC resources verified. Database histogram/summary export remains pending.","{""cockroach_queue_owned_lease_elsewhere"": 35, ""pebble_concurrent_compaction_retry"": 1}",0.0,,,,,,Completed,2026-09-15T23:36:40.846351+00:00,,,not_recorded,,
cockroach,24.1,three-node,yandex,ru-central1-a,tpcb/procs,v24.1.33,2026-09-15T19:00:56.566978844Z,2026-09-15T19:01:36.379127367Z,native-otlp-20s-2vus,passed,passed,pending,pending,pending,passed,not_applicable,pending,passed,passed,passed,passed,passed,passed,pending,passed,matrix-cockroach-74ee56ed-cockroach-three-node-24.1,674.0,suite-cockroach-matrix.json,catalog-functional-check.json,2026-09-15T19:25:32.778325+00:00,"segment=tpcb-procs; All configured native workloads completed without terminal errors. Persisted native OTLP, scalar component metrics, logs, traces, artifact downloads and removal of owned YC resources verified. Database histogram/summary export remains pending.","{""cockroach_queue_owned_lease_elsewhere"": 35, ""pebble_concurrent_compaction_retry"": 1}",0.0,,,,,,Completed,2026-09-15T23:36:40.846351+00:00,,,not_recorded,,
cockroach,24.1,three-node,yandex,ru-central1-a,tpcc/tx,v24.1.33,2026-09-15T19:01:36.725996058Z,2026-09-15T19:02:34.584647614Z,native-otlp-20s-2vus,passed,passed,pending,pending,pending,passed,not_applicable,pending,passed,passed,passed,passed,passed,passed,pending,passed,matrix-cockroach-74ee56ed-cockroach-three-node-24.1,735.0,suite-cockroach-matrix.json,catalog-functional-check.json,2026-09-15T19:25:32.778325+00:00,"segment=tpcc-tx; All configured native workloads completed without terminal errors. Persisted native OTLP, scalar component metrics, logs, traces, artifact downloads and removal of owned YC resources verified. Database histogram/summary export remains pending.","{""cockroach_queue_owned_lease_elsewhere"": 35, ""pebble_concurrent_compaction_retry"": 1}",13.0,,,,,,Completed,2026-09-15T23:36:40.846351+00:00,,,not_recorded,,
cockroach,24.1,three-node,yandex,ru-central1-a,tpcc/procs,v24.1.33,2026-09-15T19:02:34.77921295Z,2026-09-15T19:03:35.256288043Z,native-otlp-20s-2vus,passed,passed,pending,pending,pending,passed,not_applicable,pending,passed,passed,passed,passed,passed,passed,pending,passed,matrix-cockroach-74ee56ed-cockroach-three-node-24.1,433.0,suite-cockroach-matrix.json,catalog-functional-check.json,2026-09-15T19:25:32.778325+00:00,"segment=tpcc-procs; All configured native workloads completed without terminal errors. Persisted native OTLP, scalar component metrics, logs, traces, artifact downloads and removal of owned YC resources verified. Database histogram/summary export remains pending.","{""cockroach_queue_owned_lease_elsewhere"": 35, ""pebble_concurrent_compaction_retry"": 1}",0.0,,,,,,Completed,2026-09-15T23:36:40.846351+00:00,,,not_recorded,,
cockroach,24.3,three-node,yandex,ru-central1-a,simple,v24.3.36,2026-09-15T19:19:17.624468236Z,2026-09-15T19:21:22.595560282Z,native-otlp-2m-2vus,passed,passed,pending,pending,pending,passed,not_applicable,pending,passed,passed,passed,passed,not_applicable,passed,pending,passed,matrix-cockroach-74ee56ed-cockroach-three-node-24.3,44498.0,suite-cockroach-matrix.json,catalog-functional-check.json,2026-09-15T19:43:51.972382+00:00,"segment=simple; All configured native workloads completed without terminal errors. Persisted native OTLP, scalar component metrics, logs, traces, artifact downloads and removal of owned YC resources verified. Database histogram/summary export remains pending.","{""cockroach_concurrent_auto_statistics"": 105, ""pebble_concurrent_compaction_retry"": 2}",0.0,,,,,,Completed,2026-09-15T23:36:40.846351+00:00,,,not_recorded,,
cockroach,24.3,three-node,yandex,ru-central1-a,tpcb/tx,v24.3.36,2026-09-15T19:21:22.787647429Z,2026-09-15T19:21:56.940424139Z,native-otlp-20s-2vus,passed,passed,pending,pending,pending,passed,not_applicable,pending,passed,passed,passed,passed,passed,passed,pending,passed,matrix-cockroach-74ee56ed-cockroach-three-node-24.3,458.0,suite-cockroach-matrix.json,catalog-functional-check.json,2026-09-15T19:43:51.972382+00:00,"segment=tpcb-tx; All configured native workloads completed without terminal errors. Persisted native OTLP, scalar component metrics, logs, traces, artifact downloads and removal of owned YC resources verified. Database histogram/summary export remains pending.","{""cockroach_concurrent_auto_statistics"": 105, ""pebble_concurrent_compaction_retry"": 2}",0.0,,,,,,Completed,2026-09-15T23:36:40.846351+00:00,,,not_recorded,,
cockroach,24.3,three-node,yandex,ru-central1-a,tpcb/procs,v24.3.36,2026-09-15T19:21:57.134850236Z,2026-09-15T19:22:34.60428336Z,native-otlp-20s-2vus,passed,passed,pending,pending,pending,passed,not_applicable,pending,passed,passed,passed,passed,passed,passed,pending,passed,matrix-cockroach-74ee56ed-cockroach-three-node-24.3,763.0,suite-cockroach-matrix.json,catalog-functional-check.json,2026-09-15T19:43:51.972382+00:00,"segment=tpcb-procs; All configured native workloads completed without terminal errors. Persisted native OTLP, scalar component metrics, logs, traces, artifact downloads and removal of owned YC resources verified. Database histogram/summary export remains pending.","{""cockroach_concurrent_auto_statistics"": 105, ""pebble_concurrent_compaction_retry"": 2}",0.0,,,,,,Completed,2026-09-15T23:36:40.846351+00:00,,,not_recorded,,
cockroach,24.3,three-node,yandex,ru-central1-a,tpcc/tx,v24.3.36,2026-09-15T19:22:34.834633499Z,2026-09-15T19:23:30.459889832Z,native-otlp-20s-2vus,passed,passed,pending,pending,pending,passed,not_applicable,pending,passed,passed,passed,passed,passed,passed,pending,passed,matrix-cockroach-74ee56ed-cockroach-three-node-24.3,685.0,suite-cockroach-matrix.json,catalog-functional-check.json,2026-09-15T19:43:51.972382+00:00,"segment=tpcc-tx; All configured native workloads completed without terminal errors. Persisted native OTLP, scalar component metrics, logs, traces, artifact downloads and removal of owned YC resources verified. Database histogram/summary export remains pending.","{""cockroach_concurrent_auto_statistics"": 105, ""pebble_concurrent_compaction_retry"": 2}",7.0,,,,,,Completed,2026-09-15T23:36:40.846351+00:00,,,not_recorded,,
cockroach,24.3,three-node,yandex,ru-central1-a,tpcc/procs,v24.3.36,2026-09-15T19:23:30.674503329Z,2026-09-15T19:24:26.475464213Z,native-otlp-20s-2vus,passed,passed,pending,pending,pending,passed,not_applicable,pending,passed,passed,passed,passed,passed,passed,pending,passed,matrix-cockroach-74ee56ed-cockroach-three-node-24.3,590.0,suite-cockroach-matrix.json,catalog-functional-check.json,2026-09-15T19:43:51.972382+00:00,"segment=tpcc-procs; All configured native workloads completed without terminal errors. Persisted native OTLP, scalar component metrics, logs, traces, artifact downloads and removal of owned YC resources verified. Database histogram/summary export remains pending.","{""cockroach_concurrent_auto_statistics"": 105, ""pebble_concurrent_compaction_retry"": 2}",0.0,,,,,,Completed,2026-09-15T23:36:40.846351+00:00,,,not_recorded,,
cockroach,25.2,three-node,yandex,ru-central1-a,simple,v25.2.23,2026-09-15T19:38:26.000088498Z,2026-09-15T19:40:31.313919169Z,native-otlp-2m-2vus,passed,passed,pending,pending,pending,passed,not_applicable,pending,passed,passed,passed,passed,not_applicable,passed,pending,passed,matrix-cockroach-74ee56ed-cockroach-three-node-25.2,46655.0,suite-cockroach-matrix.json,catalog-functional-check.json,2026-09-15T19:59:19.611840+00:00,"segment=simple; All configured native workloads completed without terminal errors. Persisted native OTLP, scalar component metrics, logs, traces, artifact downloads and removal of owned YC resources verified. Database histogram/summary export remains pending.","{""cockroach_concurrent_auto_statistics"": 210}",0.0,,,,,,Completed,2026-09-15T23:36:40.846351+00:00,,,not_recorded,,
cockroach,25.2,three-node,yandex,ru-central1-a,tpcb/tx,v25.2.23,2026-09-15T19:40:31.514117629Z,2026-09-15T19:41:08.043136607Z,native-otlp-20s-2vus,passed,passed,pending,pending,pending,passed,not_applicable,pending,passed,passed,passed,passed,passed,passed,pending,passed,matrix-cockroach-74ee56ed-cockroach-three-node-25.2,477.0,suite-cockroach-matrix.json,catalog-functional-check.json,2026-09-15T19:59:19.611840+00:00,"segment=tpcb-tx; All configured native workloads completed without terminal errors. Persisted native OTLP, scalar component metrics, logs, traces, artifact downloads and removal of owned YC resources verified. Database histogram/summary export remains pending.","{""cockroach_concurrent_auto_statistics"": 210}",0.0,,,,,,Completed,2026-09-15T23:36:40.846351+00:00,,,not_recorded,,
cockroach,25.2,three-node,yandex,ru-central1-a,tpcb/procs,v25.2.23,2026-09-15T19:41:08.237204273Z,2026-09-15T19:41:44.709754008Z,native-otlp-20s-2vus,passed,passed,pending,pending,pending,passed,not_applicable,pending,passed,passed,passed,passed,passed,passed,pending,passed,matrix-cockroach-74ee56ed-cockroach-three-node-25.2,483.0,suite-cockroach-matrix.json,catalog-functional-check.json,2026-09-15T19:59:19.611840+00:00,"segment=tpcb-procs; All configured native workloads completed without terminal errors. Persisted native OTLP, scalar component metrics, logs, traces, artifact downloads and removal of owned YC resources verified. Database histogram/summary export remains pending.","{""cockroach_concurrent_auto_statistics"": 210}",0.0,,,,,,Completed,2026-09-15T23:36:40.846351+00:00,,,not_recorded,,
cockroach,25.2,three-node,yandex,ru-central1-a,tpcc/tx,v25.2.23,2026-09-15T19:41:44.936096206Z,2026-09-15T19:42:45.221102999Z,native-otlp-20s-2vus,passed,passed,pending,pending,pending,passed,not_applicable,pending,passed,passed,passed,passed,passed,passed,pending,passed,matrix-cockroach-74ee56ed-cockroach-three-node-25.2,903.0,suite-cockroach-matrix.json,catalog-functional-check.json,2026-09-15T19:59:19.611840+00:00,"segment=tpcc-tx; All configured native workloads completed without terminal errors. Persisted native OTLP, scalar component metrics, logs, traces, artifact downloads and removal of owned YC resources verified. Database histogram/summary export remains pending.","{""cockroach_concurrent_auto_statistics"": 210}",15.0,,,,,,Completed,2026-09-15T23:36:40.846351+00:00,,,not_recorded,,
cockroach,25.2,three-node,yandex,ru-central1-a,tpcc/procs,v25.2.23,2026-09-15T19:42:45.474363Z,2026-09-15T19:43:42.430699152Z,native-otlp-20s-2vus,passed,passed,pending,pending,pending,passed,not_applicable,pending,passed,passed,passed,passed,passed,passed,pending,passed,matrix-cockroach-74ee56ed-cockroach-three-node-25.2,679.0,suite-cockroach-matrix.json,catalog-functional-check.json,2026-09-15T19:59:19.611840+00:00,"segment=tpcc-procs; All configured native workloads completed without terminal errors. Persisted native OTLP, scalar component metrics, logs, traces, artifact downloads and removal of owned YC resources verified. Database histogram/summary export remains pending.","{""cockroach_concurrent_auto_statistics"": 210}",0.0,,,,,,Completed,2026-09-15T23:36:40.846351+00:00,,,not_recorded,,
cockroach,25.4,three-node,yandex,ru-central1-a,simple,v25.4.16,2026-09-15T19:55:16.796815274Z,2026-09-15T19:57:24.377601972Z,native-otlp-2m-2vus,passed,passed,pending,pending,pending,passed,not_applicable,pending,passed,passed,passed,passed,not_applicable,passed,pending,passed,matrix-cockroach-74ee56ed-cockroach-three-node-25.4,47730.0,suite-cockroach-matrix.json,catalog-functional-check.json,2026-09-15T20:11:48.264952+00:00,"segment=simple; All configured native workloads completed without terminal errors. Persisted native OTLP, scalar component metrics, logs, traces, artifact downloads and removal of owned YC resources verified. Database histogram/summary export remains pending.","{""cockroach_concurrent_auto_statistics"": 91}",0.0,,,,,,Completed,2026-09-15T23:36:40.846351+00:00,,,not_recorded,,
cockroach,25.4,three-node,yandex,ru-central1-a,tpcb/tx,v25.4.16,2026-09-15T19:57:24.575712846Z,2026-09-15T19:57:57.365242302Z,native-otlp-20s-2vus,passed,passed,pending,pending,pending,passed,not_applicable,pending,passed,passed,passed,passed,passed,passed,pending,passed,matrix-cockroach-74ee56ed-cockroach-three-node-25.4,511.0,suite-cockroach-matrix.json,catalog-functional-check.json,2026-09-15T20:11:48.264952+00:00,"segment=tpcb-tx; All configured native workloads completed without terminal errors. Persisted native OTLP, scalar component metrics, logs, traces, artifact downloads and removal of owned YC resources verified. Database histogram/summary export remains pending.","{""cockroach_concurrent_auto_statistics"": 91}",0.0,,,,,,Completed,2026-09-15T23:36:40.846351+00:00,,,not_recorded,,
cockroach,25.4,three-node,yandex,ru-central1-a,tpcb/procs,v25.4.16,2026-09-15T19:57:57.547082567Z,2026-09-15T19:58:30.691567138Z,native-otlp-20s-2vus,passed,passed,pending,pending,pending,passed,not_applicable,pending,passed,passed,passed,passed,passed,passed,pending,passed,matrix-cockroach-74ee56ed-cockroach-three-node-25.4,829.0,suite-cockroach-matrix.json,catalog-functional-check.json,2026-09-15T20:11:48.264952+00:00,"segment=tpcb-procs; All configured native workloads completed without terminal errors. Persisted native OTLP, scalar component metrics, logs, traces, artifact downloads and removal of owned YC resources verified. Database histogram/summary export remains pending.","{""cockroach_concurrent_auto_statistics"": 91}",0.0,,,,,,Completed,2026-09-15T23:36:40.846351+00:00,,,not_recorded,,
cockroach,25.4,three-node,yandex,ru-central1-a,tpcc/tx,v25.4.16,2026-09-15T19:58:30.908758168Z,2026-09-15T19:59:31.291971847Z,native-otlp-20s-2vus,passed,passed,pending,pending,pending,passed,not_applicable,pending,passed,passed,passed,passed,passed,passed,pending,passed,matrix-cockroach-74ee56ed-cockroach-three-node-25.4,1023.0,suite-cockroach-matrix.json,catalog-functional-check.json,2026-09-15T20:11:48.264952+00:00,"segment=tpcc-tx; All configured native workloads completed without terminal errors. Persisted native OTLP, scalar component metrics, logs, traces, artifact downloads and removal of owned YC resources verified. Database histogram/summary export remains pending.","{""cockroach_concurrent_auto_statistics"": 91}",17.0,,,,,,Completed,2026-09-15T23:36:40.846351+00:00,,,not_recorded,,
cockroach,25.4,three-node,yandex,ru-central1-a,tpcc/procs,v25.4.16,2026-09-15T19:59:31.526228912Z,2026-09-15T20:00:28.684142529Z,native-otlp-20s-2vus,passed,passed,pending,pending,pending,passed,not_applicable,pending,passed,passed,passed,passed,passed,passed,pending,passed,matrix-cockroach-74ee56ed-cockroach-three-node-25.4,604.0,suite-cockroach-matrix.json,catalog-functional-check.json,2026-09-15T20:11:48.264952+00:00,"segment=tpcc-procs; All configured native workloads completed without terminal errors. Persisted native OTLP, scalar component metrics, logs, traces, artifact downloads and removal of owned YC resources verified. Database histogram/summary export remains pending.","{""cockroach_concurrent_auto_statistics"": 91}",0.0,,,,,,Completed,2026-09-15T23:36:40.846351+00:00,,,not_recorded,,
cockroach,26.2,three-node,yandex,ru-central1-a,simple,v26.2.6,2026-09-15T20:12:39.443966528Z,2026-09-15T20:14:44.098318139Z,native-otlp-2m-2vus,passed,passed,pending,pending,pending,passed,not_applicable,pending,passed,passed,passed,passed,not_applicable,passed,pending,passed,matrix-cockroach-74ee56ed-cockroach-three-node-26.2,51806.0,suite-cockroach-matrix.json,catalog-functional-check.json,2026-09-15T20:26:37.623769+00:00,"segment=simple; All configured native workloads completed without terminal errors. Persisted native OTLP, scalar component metrics, logs, traces, artifact downloads and removal of owned YC resources verified. Database histogram/summary export remains pending.",{},0.0,,,,,,Completed,2026-09-15T23:36:40.846351+00:00,,,not_recorded,,
cockroach,26.2,three-node,yandex,ru-central1-a,tpcb/tx,v26.2.6,2026-09-15T20:14:44.28471192Z,2026-09-15T20:15:21.698511656Z,native-otlp-20s-2vus,passed,passed,pending,pending,pending,passed,not_applicable,pending,passed,passed,passed,passed,passed,passed,pending,passed,matrix-cockroach-74ee56ed-cockroach-three-node-26.2,658.0,suite-cockroach-matrix.json,catalog-functional-check.json,2026-09-15T20:26:37.623769+00:00,"segment=tpcb-tx; All configured native workloads completed without terminal errors. Persisted native OTLP, scalar component metrics, logs, traces, artifact downloads and removal of owned YC resources verified. Database histogram/summary export remains pending.",{},0.0,,,,,,Completed,2026-09-15T23:36:40.846351+00:00,,,not_recorded,,
cockroach,26.2,three-node,yandex,ru-central1-a,tpcb/procs,v26.2.6,2026-09-15T20:15:21.899169283Z,2026-09-15T20:15:55.380891641Z,native-otlp-20s-2vus,passed,passed,pending,pending,pending,passed,not_applicable,pending,passed,passed,passed,passed,passed,passed,pending,passed,matrix-cockroach-74ee56ed-cockroach-three-node-26.2,1016.0,suite-cockroach-matrix.json,catalog-functional-check.json,2026-09-15T20:26:37.623769+00:00,"segment=tpcb-procs; All configured native workloads completed without terminal errors. Persisted native OTLP, scalar component metrics, logs, traces, artifact downloads and removal of owned YC resources verified. Database histogram/summary export remains pending.",{},0.0,,,,,,Completed,2026-09-15T23:36:40.846351+00:00,,,not_recorded,,
cockroach,26.2,three-node,yandex,ru-central1-a,tpcc/tx,v26.2.6,2026-09-15T20:15:55.580804043Z,2026-09-15T20:16:55.878993093Z,native-otlp-20s-2vus,passed,passed,pending,pending,pending,passed,not_applicable,pending,passed,passed,passed,passed,passed,passed,pending,passed,matrix-cockroach-74ee56ed-cockroach-three-node-26.2,1215.0,suite-cockroach-matrix.json,catalog-functional-check.json,2026-09-15T20:26:37.623769+00:00,"segment=tpcc-tx; All configured native workloads completed without terminal errors. Persisted native OTLP, scalar component metrics, logs, traces, artifact downloads and removal of owned YC resources verified. Database histogram/summary export remains pending.",{},27.0,,,,,,Completed,2026-09-15T23:36:40.846351+00:00,,,not_recorded,,
cockroach,26.2,three-node,yandex,ru-central1-a,tpcc/procs,v26.2.6,2026-09-15T20:16:56.147203227Z,2026-09-15T20:17:53.274405203Z,native-otlp-20s-2vus,passed,passed,pending,pending,pending,passed,not_applicable,pending,passed,passed,passed,passed,passed,passed,pending,passed,matrix-cockroach-74ee56ed-cockroach-three-node-26.2,701.0,suite-cockroach-matrix.json,catalog-functional-check.json,2026-09-15T20:26:37.623769+00:00,"segment=tpcc-procs; All configured native workloads completed without terminal errors. Persisted native OTLP, scalar component metrics, logs, traces, artifact downloads and removal of owned YC resources verified. Database histogram/summary export remains pending.",{},0.0,,,,,,Completed,2026-09-15T23:36:40.846351+00:00,,,not_recorded,,
cockroach,26.3,three-node,yandex,ru-central1-a,simple,v26.3.1,2026-09-15T20:31:33.648208575Z,2026-09-15T20:33:41.113296597Z,native-otlp-2m-2vus,passed,passed,pending,pending,pending,passed,not_applicable,pending,passed,passed,passed,passed,not_applicable,passed,pending,passed,matrix-cockroach-74ee56ed-cockroach-three-node-26.3,46570.0,suite-cockroach-matrix.json,catalog-functional-check.json,2026-09-15T20:44:47.728531+00:00,"segment=simple; All configured native workloads completed without terminal errors. Persisted native OTLP, scalar component metrics, logs, traces, artifact downloads and removal of owned YC resources verified. Database histogram/summary export remains pending.",{},0.0,,,,,,Completed,2026-09-15T23:36:40.846351+00:00,,,not_recorded,,
cockroach,26.3,three-node,yandex,ru-central1-a,tpcb/tx,v26.3.1,2026-09-15T20:33:41.295323859Z,2026-09-15T20:34:17.934786655Z,native-otlp-20s-2vus,passed,passed,pending,pending,pending,passed,not_applicable,pending,passed,passed,passed,passed,passed,passed,pending,passed,matrix-cockroach-74ee56ed-cockroach-three-node-26.3,975.0,suite-cockroach-matrix.json,catalog-functional-check.json,2026-09-15T20:44:47.728531+00:00,"segment=tpcb-tx; All configured native workloads completed without terminal errors. Persisted native OTLP, scalar component metrics, logs, traces, artifact downloads and removal of owned YC resources verified. Database histogram/summary export remains pending.",{},0.0,,,,,,Completed,2026-09-15T23:36:40.846351+00:00,,,not_recorded,,
cockroach,26.3,three-node,yandex,ru-central1-a,tpcb/procs,v26.3.1,2026-09-15T20:34:18.137411302Z,2026-09-15T20:34:53.89545158Z,native-otlp-20s-2vus,passed,passed,pending,pending,pending,passed,not_applicable,pending,passed,passed,passed,passed,passed,passed,pending,passed,matrix-cockroach-74ee56ed-cockroach-three-node-26.3,1747.0,suite-cockroach-matrix.json,catalog-functional-check.json,2026-09-15T20:44:47.728531+00:00,"segment=tpcb-procs; All configured native workloads completed without terminal errors. Persisted native OTLP, scalar component metrics, logs, traces, artifact downloads and removal of owned YC resources verified. Database histogram/summary export remains pending.",{},0.0,,,,,,Completed,2026-09-15T23:36:40.846351+00:00,,,not_recorded,,
cockroach,26.3,three-node,yandex,ru-central1-a,tpcc/tx,v26.3.1,2026-09-15T20:34:54.116507186Z,2026-09-15T20:35:57.764706562Z,native-otlp-20s-2vus,passed,passed,pending,pending,pending,passed,not_applicable,pending,passed,passed,passed,passed,passed,passed,pending,passed,matrix-cockroach-74ee56ed-cockroach-three-node-26.3,1114.0,suite-cockroach-matrix.json,catalog-functional-check.json,2026-09-15T20:44:47.728531+00:00,"segment=tpcc-tx; All configured native workloads completed without terminal errors. Persisted native OTLP, scalar component metrics, logs, traces, artifact downloads and removal of owned YC resources verified. Database histogram/summary export remains pending.",{},9.0,,,,,,Completed,2026-09-15T23:36:40.846351+00:00,,,not_recorded,,
cockroach,26.3,three-node,yandex,ru-central1-a,tpcc/procs,v26.3.1,2026-09-15T20:35:57.975030461Z,2026-09-15T20:36:57.444295571Z,native-otlp-20s-2vus,passed,passed,pending,pending,pending,passed,not_applicable,pending,passed,passed,passed,passed,passed,passed,pending,passed,matrix-cockroach-74ee56ed-cockroach-three-node-26.3,926.0,suite-cockroach-matrix.json,catalog-functional-check.json,2026-09-15T20:44:47.728531+00:00,"segment=tpcc-procs; All configured native workloads completed without terminal errors. Persisted native OTLP, scalar component metrics, logs, traces, artifact downloads and removal of owned YC resources verified. Database histogram/summary export remains pending.",{},0.0,,,,,,Completed,2026-09-15T23:36:40.846351+00:00,,,not_recorded,,
ydb,25.4,single,yandex,ru-central1-a,simple,,2026-09-15T19:39:28.637707763Z,2026-09-15T19:41:34.024030476Z,native-otlp-2m-2vus,passed,passed,pending,pending,pending,passed,not_applicable,pending,passed,passed,passed,passed,not_applicable,passed,pending,passed,matrix-ydbmetrics-4f28bec5-ydb-single-25.4,51490.0,suite-ydb-metricsretry.json,catalog-functional-check.json,2026-09-15T20:04:22.361387+00:00,"segment=simple; All configured native workloads completed without terminal errors. Persisted native OTLP, scalar component metrics, logs, traces, artifact downloads and removal of owned YC resources verified. Database histogram/summary export remains pending.","{""ydb_aborted_volatile_write"": 148, ""ydb_transaction_conflict"": 253, ""ydb_initial_drop_missing_table"": 14, ""ydb_bootstrap_before_workload"": 8}",0.0,,,,,,Completed,2026-09-15T23:36:40.846351+00:00,,,not_recorded,,
ydb,25.4,single,yandex,ru-central1-a,tpcb/tx,,2026-09-15T19:41:34.247635727Z,2026-09-15T19:41:58.038329982Z,native-otlp-20s-2vus,passed,passed,pending,pending,pending,passed,not_applicable,pending,passed,passed,passed,passed,passed,passed,pending,passed,matrix-ydbmetrics-4f28bec5-ydb-single-25.4,645.0,suite-ydb-metricsretry.json,catalog-functional-check.json,2026-09-15T20:04:22.361387+00:00,"segment=tpcb-tx; All configured native workloads completed without terminal errors. Persisted native OTLP, scalar component metrics, logs, traces, artifact downloads and removal of owned YC resources verified. Database histogram/summary export remains pending.","{""ydb_aborted_volatile_write"": 148, ""ydb_transaction_conflict"": 253, ""ydb_initial_drop_missing_table"": 14, ""ydb_bootstrap_before_workload"": 8}",91.0,,,,,,Completed,2026-09-15T23:36:40.846351+00:00,,,not_recorded,,
ydb,25.4,single,yandex,ru-central1-a,tpcc/tx,,2026-09-15T19:41:58.233939576Z,2026-09-15T19:42:37.407103501Z,native-otlp-20s-2vus,passed,passed,pending,pending,pending,passed,not_applicable,pending,passed,passed,passed,passed,passed,passed,pending,passed,matrix-ydbmetrics-4f28bec5-ydb-single-25.4,195.0,suite-ydb-metricsretry.json,catalog-functional-check.json,2026-09-15T20:04:22.361387+00:00,"segment=tpcc-tx; All configured native workloads completed without terminal errors. Persisted native OTLP, scalar component metrics, logs, traces, artifact downloads and removal of owned YC resources verified. Database histogram/summary export remains pending.","{""ydb_aborted_volatile_write"": 148, ""ydb_transaction_conflict"": 253, ""ydb_initial_drop_missing_table"": 14, ""ydb_bootstrap_before_workload"": 8}",40.0,,,,,,Completed,2026-09-15T23:36:40.846351+00:00,,,not_recorded,,
ydb,26.1,single,yandex,ru-central1-a,simple,,2026-09-15T19:51:57.341608086Z,2026-09-15T19:54:03.764668562Z,native-otlp-2m-2vus,passed,passed,pending,pending,pending,passed,not_applicable,pending,passed,passed,passed,passed,not_applicable,passed,pending,passed,matrix-ydbmetrics-4f28bec5-ydb-single-26.1,49902.0,suite-ydb-metricsretry.json,catalog-functional-check.json,2026-09-15T20:08:13.942451+00:00,"segment=simple; All configured native workloads completed without terminal errors. Persisted native OTLP, scalar component metrics, logs, traces, artifact downloads and removal of owned YC resources verified. Database histogram/summary export remains pending.","{""ydb_transaction_conflict"": 295, ""ydb_tablet_split_retry"": 4, ""ydb_initial_drop_missing_table"": 14, ""ydb_bootstrap_before_workload"": 8}",0.0,,,,,,Completed,2026-09-15T23:36:40.846351+00:00,,,not_recorded,,
ydb,26.1,single,yandex,ru-central1-a,tpcb/tx,,2026-09-15T19:54:03.959036162Z,2026-09-15T19:54:26.921363819Z,native-otlp-20s-2vus,passed,passed,pending,pending,pending,passed,not_applicable,pending,passed,passed,passed,passed,passed,passed,pending,passed,matrix-ydbmetrics-4f28bec5-ydb-single-26.1,975.0,suite-ydb-metricsretry.json,catalog-functional-check.json,2026-09-15T20:08:13.942451+00:00,"segment=tpcb-tx; All configured native workloads completed without terminal errors. Persisted native OTLP, scalar component metrics, logs, traces, artifact downloads and removal of owned YC resources verified. Database histogram/summary export remains pending.","{""ydb_transaction_conflict"": 295, ""ydb_tablet_split_retry"": 4, ""ydb_initial_drop_missing_table"": 14, ""ydb_bootstrap_before_workload"": 8}",88.0,,,,,,Completed,2026-09-15T23:36:40.846351+00:00,,,not_recorded,,
ydb,26.1,single,yandex,ru-central1-a,tpcc/tx,,2026-09-15T19:54:27.111263368Z,2026-09-15T19:55:02.183069474Z,native-otlp-20s-2vus,passed,passed,pending,pending,pending,passed,not_applicable,pending,passed,passed,passed,passed,passed,passed,pending,passed,matrix-ydbmetrics-4f28bec5-ydb-single-26.1,231.0,suite-ydb-metricsretry.json,catalog-functional-check.json,2026-09-15T20:08:13.942451+00:00,"segment=tpcc-tx; All configured native workloads completed without terminal errors. Persisted native OTLP, scalar component metrics, logs, traces, artifact downloads and removal of owned YC resources verified. Database histogram/summary export remains pending.","{""ydb_transaction_conflict"": 295, ""ydb_tablet_split_retry"": 4, ""ydb_initial_drop_missing_table"": 14, ""ydb_bootstrap_before_workload"": 8}",46.0,,,,,,Completed,2026-09-15T23:36:40.846351+00:00,,,not_recorded,,
ydb,26.2,single,yandex,ru-central1-a,simple,,2026-09-15T20:04:25.977049999Z,2026-09-15T20:06:30.941574342Z,native-otlp-2m-2vus,passed,passed,pending,pending,pending,passed,not_applicable,pending,passed,passed,passed,passed,not_applicable,passed,pending,passed,matrix-ydbmetrics-4f28bec5-ydb-single-26.2,49982.0,suite-ydb-metricsretry.json,catalog-functional-check.json,2026-09-15T20:16:39.587786+00:00,"segment=simple; All configured native workloads completed without terminal errors. Persisted native OTLP, scalar component metrics, logs, traces, artifact downloads and removal of owned YC resources verified. Database histogram/summary export remains pending.","{""ydb_read_conflict_sibling_abort"": 1, ""ydb_read_transaction_conflict"": 2, ""ydb_transaction_conflict"": 201, ""ydb_tablet_split_retry"": 4, ""ydb_initial_drop_missing_table"": 14, ""ydb_bootstrap_before_workload"": 8}",0.0,,,,,,Completed,2026-09-15T23:36:40.846351+00:00,,,not_recorded,,
ydb,26.2,single,yandex,ru-central1-a,tpcb/tx,,2026-09-15T20:06:31.179930017Z,2026-09-15T20:06:54.498318318Z,native-otlp-20s-2vus,passed,passed,pending,pending,pending,passed,not_applicable,pending,passed,passed,passed,passed,passed,passed,pending,passed,matrix-ydbmetrics-4f28bec5-ydb-single-26.2,921.0,suite-ydb-metricsretry.json,catalog-functional-check.json,2026-09-15T20:16:39.587786+00:00,"segment=tpcb-tx; All configured native workloads completed without terminal errors. Persisted native OTLP, scalar component metrics, logs, traces, artifact downloads and removal of owned YC resources verified. Database histogram/summary export remains pending.","{""ydb_read_conflict_sibling_abort"": 1, ""ydb_read_transaction_conflict"": 2, ""ydb_transaction_conflict"": 201, ""ydb_tablet_split_retry"": 4, ""ydb_initial_drop_missing_table"": 14, ""ydb_bootstrap_before_workload"": 8}",60.0,,,,,,Completed,2026-09-15T23:36:40.846351+00:00,,,not_recorded,,
ydb,26.2,single,yandex,ru-central1-a,tpcc/tx,,2026-09-15T20:06:54.727009834Z,2026-09-15T20:07:29.743508891Z,native-otlp-20s-2vus,passed,passed,pending,pending,pending,passed,not_applicable,pending,passed,passed,passed,passed,passed,passed,pending,passed,matrix-ydbmetrics-4f28bec5-ydb-single-26.2,220.0,suite-ydb-metricsretry.json,catalog-functional-check.json,2026-09-15T20:16:39.587786+00:00,"segment=tpcc-tx; All configured native workloads completed without terminal errors. Persisted native OTLP, scalar component metrics, logs, traces, artifact downloads and removal of owned YC resources verified. Database histogram/summary export remains pending.","{""ydb_read_conflict_sibling_abort"": 1, ""ydb_read_transaction_conflict"": 2, ""ydb_transaction_conflict"": 201, ""ydb_tablet_split_retry"": 4, ""ydb_initial_drop_missing_table"": 14, ""ydb_bootstrap_before_workload"": 8}",41.0,,,,,,Completed,2026-09-15T23:36:40.846351+00:00,,,not_recorded,,
ydb,26.3,single,yandex,ru-central1-a,simple,,2026-09-15T20:17:04.278342232Z,2026-09-15T20:19:09.336889753Z,native-otlp-2m-2vus,passed,passed,pending,pending,pending,passed,not_applicable,pending,passed,passed,passed,passed,not_applicable,passed,pending,passed,matrix-ydbmetrics-4f28bec5-ydb-single-26.3,53021.0,suite-ydb-metricsretry.json,catalog-functional-check.json,2026-09-15T20:28:06.051417+00:00,"segment=simple; All configured native workloads completed without terminal errors. Persisted native OTLP, scalar component metrics, logs, traces, artifact downloads and removal of owned YC resources verified. Database histogram/summary export remains pending.","{""ydb_transaction_conflict"": 239, ""ydb_initial_drop_missing_table"": 14, ""ydb_default_pool_already_exists"": 1, ""ydb_bootstrap_before_workload"": 6}",0.0,,,,,,Completed,2026-09-15T23:36:40.846351+00:00,,,not_recorded,,
ydb,26.3,single,yandex,ru-central1-a,tpcb/tx,,2026-09-15T20:19:09.557860127Z,2026-09-15T20:19:32.527683556Z,native-otlp-20s-2vus,passed,passed,pending,pending,pending,passed,not_applicable,pending,passed,passed,passed,passed,passed,passed,pending,passed,matrix-ydbmetrics-4f28bec5-ydb-single-26.3,767.0,suite-ydb-metricsretry.json,catalog-functional-check.json,2026-09-15T20:28:06.051417+00:00,"segment=tpcb-tx; All configured native workloads completed without terminal errors. Persisted native OTLP, scalar component metrics, logs, traces, artifact downloads and removal of owned YC resources verified. Database histogram/summary export remains pending.","{""ydb_transaction_conflict"": 239, ""ydb_initial_drop_missing_table"": 14, ""ydb_default_pool_already_exists"": 1, ""ydb_bootstrap_before_workload"": 6}",83.0,,,,,,Completed,2026-09-15T23:36:40.846351+00:00,,,not_recorded,,
ydb,26.3,single,yandex,ru-central1-a,tpcc/tx,,2026-09-15T20:19:32.741902935Z,2026-09-15T20:20:10.567769927Z,native-otlp-20s-2vus,passed,passed,pending,pending,pending,passed,not_applicable,pending,passed,passed,passed,passed,passed,passed,pending,passed,matrix-ydbmetrics-4f28bec5-ydb-single-26.3,144.0,suite-ydb-metricsretry.json,catalog-functional-check.json,2026-09-15T20:28:06.051417+00:00,"segment=tpcc-tx; All configured native workloads completed without terminal errors. Persisted native OTLP, scalar component metrics, logs, traces, artifact downloads and removal of owned YC resources verified. Database histogram/summary export remains pending.","{""ydb_transaction_conflict"": 239, ""ydb_initial_drop_missing_table"": 14, ""ydb_default_pool_already_exists"": 1, ""ydb_bootstrap_before_workload"": 6}",27.0,,,,,,Completed,2026-09-15T23:36:40.846351+00:00,,,not_recorded,,
ydb,25.4,mirror-3-dc,yandex,"ru-central1-a,ru-central1-b,ru-central1-d",simple,,2026-09-15T21:07:43.471389424Z,2026-09-15T21:09:48.248283966Z,native-otlp-2m-2vus,passed,passed,pending,pending,pending,passed,not_applicable,pending,passed,passed,passed,passed,not_applicable,passed,pending,passed,matrix-ydbchannels-09c363ed-ydb-mirror-3-dc-25.4,5023.0,suite-ydb-channelretry.json,catalog-functional-check.json,2026-09-15T21:30:39.580354+00:00,"segment=simple; All configured native workloads completed without terminal errors. Persisted native OTLP, scalar component metrics, logs, traces, artifact downloads and removal of owned YC resources verified. Database histogram/summary export remains pending.","{""ydb_bootstrap_before_workload"": 12, ""ydb_initial_drop_missing_table"": 14, ""ydb_transaction_conflict"": 62, ""ydb_read_transaction_conflict"": 2, ""ydb_aborted_volatile_write"": 12, ""ydb_read_conflict_sibling_abort"": 1}",0.0,,,,,,Completed,2026-09-15T23:36:40.846351+00:00,,,not_recorded,,
ydb,25.4,mirror-3-dc,yandex,"ru-central1-a,ru-central1-b,ru-central1-d",tpcb/tx,,2026-09-15T21:09:48.424066714Z,2026-09-15T21:10:12.427173755Z,native-otlp-20s-2vus,passed,passed,pending,pending,pending,passed,not_applicable,pending,passed,passed,passed,passed,passed,passed,pending,passed,matrix-ydbchannels-09c363ed-ydb-mirror-3-dc-25.4,225.0,suite-ydb-channelretry.json,catalog-functional-check.json,2026-09-15T21:30:39.580354+00:00,"segment=tpcb-tx; All configured native workloads completed without terminal errors. Persisted native OTLP, scalar component metrics, logs, traces, artifact downloads and removal of owned YC resources verified. Database histogram/summary export remains pending.","{""ydb_bootstrap_before_workload"": 12, ""ydb_initial_drop_missing_table"": 14, ""ydb_transaction_conflict"": 62, ""ydb_read_transaction_conflict"": 2, ""ydb_aborted_volatile_write"": 12, ""ydb_read_conflict_sibling_abort"": 1}",24.0,,,,,,Completed,2026-09-15T23:36:40.846351+00:00,,,not_recorded,,
ydb,25.4,mirror-3-dc,yandex,"ru-central1-a,ru-central1-b,ru-central1-d",tpcc/tx,,2026-09-15T21:10:12.653993573Z,2026-09-15T21:10:53.526428056Z,native-otlp-20s-2vus,passed,passed,pending,pending,pending,passed,not_applicable,pending,passed,passed,passed,passed,passed,passed,pending,passed,matrix-ydbchannels-09c363ed-ydb-mirror-3-dc-25.4,52.0,suite-ydb-channelretry.json,catalog-functional-check.json,2026-09-15T21:30:39.580354+00:00,"segment=tpcc-tx; All configured native workloads completed without terminal errors. Persisted native OTLP, scalar component metrics, logs, traces, artifact downloads and removal of owned YC resources verified. Database histogram/summary export remains pending.","{""ydb_bootstrap_before_workload"": 12, ""ydb_initial_drop_missing_table"": 14, ""ydb_transaction_conflict"": 62, ""ydb_read_transaction_conflict"": 2, ""ydb_aborted_volatile_write"": 12, ""ydb_read_conflict_sibling_abort"": 1}",13.0,,,,,,Completed,2026-09-15T23:36:40.846351+00:00,,,not_recorded,,
external,external,dsn,yandex,ru-central1-d,execute_sql,,2026-09-15T20:51:17.528424006Z,2026-09-15T20:53:21.403949029Z,native-otlp-2m-2vus,passed,passed,pending,pending,pending,passed,not_applicable,pending,passed,passed,not_applicable,passed,not_applicable,passed,pending,passed,external-dsn-7383cd13,857831.0,external-dsn-input.json,catalog-functional-check.json,2026-09-15T20:54:58.106473+00:00,"segment=external-canary; Read-only execute_sql against an owned PostgreSQL fixture; runner-only provisioning, native OTLP, runner telemetry, artifacts and cleanup verified. Fixture resources and canary survived runner cleanup; fixture then removed separately. See external-dsn-lifecycle-check.json. Other external protocols compile but are not live-verified by this run.",{},0.0,,,,,,Completed,2026-09-15T23:36:40.846351+00:00,,,not_recorded,,
ydb,26.1,mirror-3-dc,yandex,"ru-central1-a,ru-central1-b,ru-central1-d",simple,,2026-09-15T23:04:47.727558582Z,2026-09-15T23:06:53.226160502Z,native-otlp-2m-2vus,passed,passed,pending,pending,pending,passed,not_applicable,pending,passed,passed,passed,passed,not_applicable,passed,pending,passed,matrix-ydbautonomous-73a81601-ydb-mirror-3-dc-26.1-autonomous,5123.0,suite-ydb-autonomous.json,catalog-functional-check.json,2026-09-15T23:34:05.580390+00:00,"segment=simple; All configured native workloads completed without terminal errors. Persisted native OTLP, scalar component metrics, logs, traces, artifact downloads and removal of owned YC resources verified. Database histogram/summary export remains pending.","{""ydb_bootstrap_before_workload"": 12, ""ydb_read_transaction_conflict"": 4, ""ydb_initial_drop_missing_table"": 14, ""ydb_read_conflict_sibling_abort"": 2, ""ydb_transaction_conflict"": 178}",0.0,,,,,,Completed,2026-09-15T23:36:40.846351+00:00,,,automatic_verified,,
ydb,26.1,mirror-3-dc,yandex,"ru-central1-a,ru-central1-b,ru-central1-d",tpcb/tx,,2026-09-15T23:06:53.509514852Z,2026-09-15T23:07:17.568340341Z,native-otlp-20s-2vus,passed,passed,pending,pending,pending,passed,not_applicable,pending,passed,passed,passed,passed,passed,passed,pending,passed,matrix-ydbautonomous-73a81601-ydb-mirror-3-dc-26.1-autonomous,236.0,suite-ydb-autonomous.json,catalog-functional-check.json,2026-09-15T23:34:05.580390+00:00,"segment=tpcb-tx; All configured native workloads completed without terminal errors. Persisted native OTLP, scalar component metrics, logs, traces, artifact downloads and removal of owned YC resources verified. Database histogram/summary export remains pending.","{""ydb_bootstrap_before_workload"": 12, ""ydb_read_transaction_conflict"": 4, ""ydb_initial_drop_missing_table"": 14, ""ydb_read_conflict_sibling_abort"": 2, ""ydb_transaction_conflict"": 178}",82.0,,,,,,Completed,2026-09-15T23:36:40.846351+00:00,,,automatic_verified,,
ydb,26.1,mirror-3-dc,yandex,"ru-central1-a,ru-central1-b,ru-central1-d",tpcc/tx,,2026-09-15T23:07:17.883492513Z,2026-09-15T23:07:59.693062294Z,native-otlp-20s-2vus,passed,passed,pending,pending,pending,passed,not_applicable,pending,passed,passed,passed,passed,passed,passed,pending,passed,matrix-ydbautonomous-73a81601-ydb-mirror-3-dc-26.1-autonomous,74.0,suite-ydb-autonomous.json,catalog-functional-check.json,2026-09-15T23:34:05.580390+00:00,"segment=tpcc-tx; All configured native workloads completed without terminal errors. Persisted native OTLP, scalar component metrics, logs, traces, artifact downloads and removal of owned YC resources verified. Database histogram/summary export remains pending.","{""ydb_bootstrap_before_workload"": 12, ""ydb_read_transaction_conflict"": 4, ""ydb_initial_drop_missing_table"": 14, ""ydb_read_conflict_sibling_abort"": 2, ""ydb_transaction_conflict"": 178}",14.0,,,,,,Completed,2026-09-15T23:36:40.846351+00:00,,,automatic_verified,,
ydb,26.2,mirror-3-dc,yandex,"ru-central1-a,ru-central1-b,ru-central1-d",simple,,2026-09-15T23:06:08.874200398Z,2026-09-15T23:08:13.382359357Z,native-otlp-2m-2vus,passed,passed,pending,pending,pending,passed,not_applicable,pending,passed,passed,passed,passed,not_applicable,passed,pending,passed,matrix-ydbautonomous-73a81601-ydb-mirror-3-dc-26.2-autonomous,5139.0,suite-ydb-autonomous.json,catalog-functional-check.json,2026-09-15T23:31:41.830356+00:00,"segment=simple; All configured native workloads completed without terminal errors. Persisted native OTLP, scalar component metrics, logs, traces, artifact downloads and removal of owned YC resources verified. Database histogram/summary export remains pending.","{""ydb_transaction_conflict"": 70, ""ydb_bootstrap_before_workload"": 12, ""ydb_initial_drop_missing_table"": 14, ""ydb_tablet_split_retry"": 4, ""ydb_finished_transaction_read_abort"": 2, ""ydb_finished_transaction_sibling_abort"": 1, ""ydb_finished_split_wrong_shard"": 3}",0.0,,,,,,Completed,2026-09-15T23:36:40.846351+00:00,,,automatic_verified,,
ydb,26.2,mirror-3-dc,yandex,"ru-central1-a,ru-central1-b,ru-central1-d",tpcb/tx,,2026-09-15T23:08:13.641362967Z,2026-09-15T23:08:38.11107758Z,native-otlp-20s-2vus,passed,passed,pending,pending,pending,passed,not_applicable,pending,passed,passed,passed,passed,passed,passed,pending,passed,matrix-ydbautonomous-73a81601-ydb-mirror-3-dc-26.2-autonomous,164.0,suite-ydb-autonomous.json,catalog-functional-check.json,2026-09-15T23:31:41.830356+00:00,"segment=tpcb-tx; All configured native workloads completed without terminal errors. Persisted native OTLP, scalar component metrics, logs, traces, artifact downloads and removal of owned YC resources verified. Database histogram/summary export remains pending.","{""ydb_transaction_conflict"": 70, ""ydb_bootstrap_before_workload"": 12, ""ydb_initial_drop_missing_table"": 14, ""ydb_tablet_split_retry"": 4, ""ydb_finished_transaction_read_abort"": 2, ""ydb_finished_transaction_sibling_abort"": 1, ""ydb_finished_split_wrong_shard"": 3}",23.0,,,,,,Completed,2026-09-15T23:36:40.846351+00:00,,,automatic_verified,,
ydb,26.2,mirror-3-dc,yandex,"ru-central1-a,ru-central1-b,ru-central1-d",tpcc/tx,,2026-09-15T23:08:38.294641202Z,2026-09-15T23:09:15.410094398Z,native-otlp-20s-2vus,passed,passed,pending,pending,pending,passed,not_applicable,pending,passed,passed,passed,passed,passed,passed,pending,passed,matrix-ydbautonomous-73a81601-ydb-mirror-3-dc-26.2-autonomous,64.0,suite-ydb-autonomous.json,catalog-functional-check.json,2026-09-15T23:31:41.830356+00:00,"segment=tpcc-tx; All configured native workloads completed without terminal errors. Persisted native OTLP, scalar component metrics, logs, traces, artifact downloads and removal of owned YC resources verified. Database histogram/summary export remains pending.","{""ydb_transaction_conflict"": 70, ""ydb_bootstrap_before_workload"": 12, ""ydb_initial_drop_missing_table"": 14, ""ydb_tablet_split_retry"": 4, ""ydb_finished_transaction_read_abort"": 2, ""ydb_finished_transaction_sibling_abort"": 1, ""ydb_finished_split_wrong_shard"": 3}",25.0,,,,,,Completed,2026-09-15T23:36:40.846351+00:00,,,automatic_verified,,
ydb,26.3,mirror-3-dc,yandex,"ru-central1-a,ru-central1-b,ru-central1-d",simple,,2026-09-15T23:04:04.17199595Z,2026-09-15T23:06:09.798868414Z,native-otlp-2m-2vus,passed,passed,pending,pending,pending,passed,not_applicable,pending,passed,passed,passed,passed,not_applicable,passed,pending,passed,matrix-ydbautonomous-73a81601-ydb-mirror-3-dc-26.3-autonomous,5098.0,suite-ydb-autonomous.json,catalog-functional-check.json,2026-09-15T23:35:47.315642+00:00,"segment=simple; All configured native workloads completed without terminal errors. Persisted native OTLP, scalar component metrics, logs, traces, artifact downloads and removal of owned YC resources verified. Database histogram/summary export remains pending.","{""ydb_initial_drop_missing_table"": 14, ""ydb_transaction_conflict"": 67, ""ydb_tablet_split_retry"": 4, ""ydb_finished_transaction_sibling_abort"": 2, ""ydb_bootstrap_before_workload"": 49, ""ydb_default_pool_already_exists"": 1, ""ydb_finished_split_wrong_shard"": 3, ""ydb_finished_transaction_read_abort"": 4}",0.0,,,,,,Completed,2026-09-15T23:36:40.846351+00:00,,,automatic_verified,,
ydb,26.3,mirror-3-dc,yandex,"ru-central1-a,ru-central1-b,ru-central1-d",tpcb/tx,,2026-09-15T23:06:10.013682708Z,2026-09-15T23:06:33.397866302Z,native-otlp-20s-2vus,passed,passed,pending,pending,pending,passed,not_applicable,pending,passed,passed,passed,passed,passed,passed,pending,passed,matrix-ydbautonomous-73a81601-ydb-mirror-3-dc-26.3-autonomous,192.0,suite-ydb-autonomous.json,catalog-functional-check.json,2026-09-15T23:35:47.315642+00:00,"segment=tpcb-tx; All configured native workloads completed without terminal errors. Persisted native OTLP, scalar component metrics, logs, traces, artifact downloads and removal of owned YC resources verified. Database histogram/summary export remains pending.","{""ydb_initial_drop_missing_table"": 14, ""ydb_transaction_conflict"": 67, ""ydb_tablet_split_retry"": 4, ""ydb_finished_transaction_sibling_abort"": 2, ""ydb_bootstrap_before_workload"": 49, ""ydb_default_pool_already_exists"": 1, ""ydb_finished_split_wrong_shard"": 3, ""ydb_finished_transaction_read_abort"": 4}",21.0,,,,,,Completed,2026-09-15T23:36:40.846351+00:00,,,automatic_verified,,
ydb,26.3,mirror-3-dc,yandex,"ru-central1-a,ru-central1-b,ru-central1-d",tpcc/tx,,2026-09-15T23:06:33.62721499Z,2026-09-15T23:07:09.987533899Z,native-otlp-20s-2vus,passed,passed,pending,pending,pending,passed,not_applicable,pending,passed,passed,passed,passed,passed,passed,pending,passed,matrix-ydbautonomous-73a81601-ydb-mirror-3-dc-26.3-autonomous,62.0,suite-ydb-autonomous.json,catalog-functional-check.json,2026-09-15T23:35:47.315642+00:00,"segment=tpcc-tx; All configured native workloads completed without terminal errors. Persisted native OTLP, scalar component metrics, logs, traces, artifact downloads and removal of owned YC resources verified. Database histogram/summary export remains pending.","{""ydb_initial_drop_missing_table"": 14, ""ydb_transaction_conflict"": 67, ""ydb_tablet_split_retry"": 4, ""ydb_finished_transaction_sibling_abort"": 2, ""ydb_bootstrap_before_workload"": 49, ""ydb_default_pool_already_exists"": 1, ""ydb_finished_split_wrong_shard"": 3, ""ydb_finished_transaction_read_abort"": 4}",24.0,,,,,,Completed,2026-09-15T23:36:40.846351+00:00,,,automatic_verified,,
